0,-0,-0,0.001,0,1.176336e-09
0.05,6.0954182697611e-11,2.127122082687e-09,0.000998221107160475,-7.14048272590221e-05,1.1740194793323e-09
0.1,1.78849514624181e-10,3.77590318148277e-09,0.000992835324594846,-0.000143740495807053,1.16751040452305e-09
0.15,3.01979851419006e-10,2.45771610404177e-09,0.000983793839587521,-0.000217559085718482,1.15701335992241e-09
0.2,3.51979399816758e-10,-2.32088339547206e-09,0.000971051576763674,-0.000292769893995981,1.1425272719181e-09
0.25,1.94930317460674e-10,-4.55993873049088e-09,0.000954557084110485,-0.000367199800855105,1.12335993580413e-09
0.3,-4.3914765847232e-11,-4.2029453693331e-09,0.000934356276400374,-0.000440552422303202,1.0995594139415e-09
0.35,-1.13664389491088e-10,7.70155309246802e-10,0.000910547628679381,-0.000511885010814503,1.07102887281167e-09
0.4,5.82953931301676e-11,6.06584716936143e-09,0.000883188421543206,-0.000582297681946752,1.03828771818431e-09
0.45,4.23374097730878e-10,5.32441467342632e-09,0.000852311612787706,-0.000653565079570038,1.00204427503966e-09
0.5,6.48021827927771e-10,1.16195783663342e-09,0.000817869980771113,-0.000724609682747428,9.61967569923037e-10
0.55,4.14392094916542e-10,-7.2466457928143e-09,0.000779835907991543,-0.000795457605514329,9.18111984872534e-10
0.6,-9.15785861961735e-11,-8.96224043100151e-09,0.000738352428851022,-0.000862311071751336,8.69494094022084e-10
0.65,-7.26819314401474e-10,-1.98184445280577e-09,0.000693564978191261,-0.000924247112119805,8.16074102230083e-10
0.7,-7.03917334366037e-10,7.78861057562825e-09,0.000645839842892482,-0.000982817884627345,7.58904666767649e-10
0.75,2.22065281608778e-10,1.49225343205792e-08,0.000595383245999787,-0.00103948251104427,6.98799690656159e-10
0.8,9.73352627689748e-10,4.9216402636765e-09,0.0005419953951189,-0.00109875238573611,6.37050541198685e-10
0.85,8.87165161056115e-10,-9.66757163966494e-09,0.000485613034394714,-0.00115642426573502,5.72261903494362e-10
0.9,1.919285659372e-10,-1.28009830606145e-08,0.000426467871630321,-0.00120708947494921,5.03017207172273e-10
0.95,-3.53366311878574e-10,-6.52129301373927e-09,0.000364977721025504,-0.00125109843809546,4.30022998974529e-10
1,-4.24724124458533e-10,2.64741197988808e-09,0.000301434359762632,-0.00129029344529955,3.54309367541515e-10
1.05,-1.48124974229094e-10,8.00801046171413e-09,0.000235996733218627,-0.00132662916117135,2.76768363924653e-10
1.1,2.01944663457873e-10,8.14142638514245e-09,0.000168785066722905,-0.00136039304594393,1.97690814879004e-10
1.15,4.36878278599073e-10,-8.64462251092288e-10,9.99572919348417e-05,-0.0013926760093511,1.17674372188314e-10
1.2,2.53677753052923e-10,-7.96670595511036e-09,2.96389361880342e-05,-0.00141979547785716,3.57040883136064e-11
1.25,-1.531158799424e-10,-7.49285098685277e-09,-4.18760145259717e-05,-0.0014397554563686,-4.84714105497642e-11
1.3,-3.62831382107653e-10,-4.86176608431489e-10,-0.000114211858216907,-0.0014527064759325,-1.34300335415826e-10
1.35,-2.42044370726967e-10,5.07536972889203e-09,-0.000187076006974378,-0.00146106974791104,-2.20598580405501e-10
1.4,1.30996857650237e-11,6.12791318908765e-09,-0.000260276388747727,-0.00146573928645328,-3.06817637250383e-10
1.45,2.13762874741762e-10,7.69209271182662e-10,-0.000333613632476609,-0.00146725216725469,-3.92522708891933e-10
1.5,1.44261926613603e-10,-4.55328608318558e-09,-0.000406895698988186,-0.00146348674097918,-4.78166685650641e-10
1.55,-1.01325583851809e-10,-5.77766328977276e-09,-0.000479827710621005,-0.00145307323554708,-5.63830333152146e-10
1.6,-3.04414917467721e-10,-1.68441591289824e-09,-0.00055207148379066,-0.001435559440799,-6.49244224407751e-10
1.65,-2.91648491674823e-10,2.97222811049872e-09,-0.000623300495311273,-0.00141243396451694,-7.33523729818301e-10
1.7,-1.2504369684845e-10,4.63793985614051e-09,-0.00069326306582332,-0.00138484356892003,-8.15998587524267e-10
1.75,4.0807219446659e-11,1.62174764581127e-09,-0.000761737512972868,-0.00135336568021184,-8.9622999784773e-10
1.8,4.62423286436221e-11,-2.90543440446983e-09,-0.000828507241398461,-0.00131703803906384,-9.74297008042474e-10
1.85,-1.25157490949148e-10,-4.75593863137525e-09,-0.000893312851782471,-0.00127457744926111,-1.05033535809044e-09
1.9,-3.03779262086139e-10,-2.6052400781083e-09,-0.000955837543893939,-0.00122562020891872,-1.1241118314387e-09
1.95,-3.62497513970971e-10,2.10366753615652e-09,-0.00101578215532664,-0.00117071508879121,-1.1951225931368e-09
2,-2.20271540707731e-10,4.12119634446106e-09,-0.00107286679615769,-0.00111165708391334,-1.26248571811316e-09
2.05,-6.27410074648745e-11,2.87839584899989e-09,-0.00112690368693229,-0.001048785940537,-1.32592041510736e-09
2.1,-3.67259790966252e-12,-1.94367331922412e-09,-0.00117768981622887,-0.000982373358173124,-1.38515429630399e-09
2.15,-1.54491060091242e-10,-4.37533391018131e-09,-0.00122503223971412,-0.000910692077482886,-1.44058888635794e-09
2.2,-3.52347625613232e-10,-4.01053186092751e-09,-0.00126865777842064,-0.000833791126031553,-1.49194558468639e-09
2.25,-4.41909454860003e-10,7.04117039598238e-10,-0.00130830591134032,-0.000751370588622247,-1.53908147248324e-09
2.3,-3.25925106608356e-10,4.3343770291018e-09,-0.00134374441587228,-0.000665396584375474,-1.58115125759733e-09
2.35,-8.28478356228709e-11,4.56184034312602e-09,-0.00137481003349663,-0.000576870639205952,-1.61771880947641e-09
2.4,3.17804247213196e-11,4.75277309534895e-10,-0.00140140842652732,-0.000486377760469626,-1.64857722037284e-09
2.45,-9.06452945723514e-11,-5.43172656485308e-09,-0.00142341376893741,-0.000393411045411579,-1.67384100312117e-09
2.5,-4.17951681190782e-10,-5.64482804420835e-09,-0.00144067179183068,-0.000295853174021032,-1.69411980125856e-09
2.55,-6.82858445161741e-10,-2.62756301218491e-09,-0.00145296486660555,-0.00019477945822868,-1.70889824755304e-09
2.6,-5.66447453882027e-10,5.14364843064845e-09,-0.00146007584676995,-8.99940431302863e-05,-1.71808130838331e-09
2.65,-1.51396882137555e-10,8.64994916269005e-09,-0.0014619296842545,1.52630648065194e-05,-1.72063119007952e-09
2.7,6.90102035903229e-10,7.28730335584409e-09,-0.00145840417844863,0.000120462405523167,-1.71634055032714e-09
2.75,1.15023475111086e-09,-5.19738442168502e-10,-0.00144969160682851,0.00022465591080173,-1.70526970756401e-09
2.8,3.56609985704446e-10,-1.83802927711635e-08,-0.00143602261784194,0.000326227538080734,-1.68731001141364e-09
2.85,-1.20341993837634e-09,-2.60647023045778e-08,-0.00141722107460967,0.000431342591657194,-1.66438405895536e-09
2.9,-1.96178967009843e-09,1.32497050690343e-09,-0.00139278699107212,0.000547767525460562,-1.63852497180121e-09
2.95,-1.29309081528287e-09,2.14524472845304e-08,-0.00136251907423588,0.000661591277937369,-1.60503876716957e-09
3,-1.04210360040431e-10,2.09237973752696e-08,-0.0013267328945307,0.000768030488294042,-1.56288653902786e-09
3.05,6.12000834330871e-10,6.46210682051877e-09,-0.00128579720283516,0.000868745700772063,-1.51320987376253e-09
3.1,5.34893654818103e-10,-8.15659399040598e-09,-0.00123988848117199,0.000967727952992925,-1.45766672416172e-09
3.15,-1.79383719406222e-11,-1.27209949095262e-08,-0.00118899860555431,0.00106788936590617,-1.39732258794468e-09
3.2,-5.53800828257208e-10,-6.27984708305449e-09,-0.00113308066838128,0.00116918979408942,-1.3322224341922e-09
3.25,-6.81776236652728e-10,2.35336015110894e-09,-0.0010721369980592,0.00126844830258511,-1.26144111123995e-09
3.3,-3.93167367993087e-10,6.81622867792041e-09,-0.00100631197906024,0.00136323563861513,-1.18447862577816e-09
3.35,-3.71083105871427e-11,5.81618988370471e-09,-0.000935884818120782,0.00145271924353452,-1.10152733616605e-09
3.4,1.38141482611101e-10,9.08890572148004e-10,-0.000861122428982077,0.00153699760599405,-1.01306500228829e-09
3.45,3.49118410749425e-11,-3.67895083754911e-09,-0.00078226302209103,0.00161705078512314,-9.1981683169914e-10
3.5,-1.73076561397499e-10,-4.40174504411086e-09,-0.000699476162951125,0.00169367840607861,-8.2235557265922e-10
3.55,-3.10845919961455e-10,-1.00526144451559e-09,-0.000612947721076284,0.00176663480104888,-7.20926635754298e-10
3.6,-2.60145063923312e-10,3.3261341647745e-09,-0.000522897325836467,0.001834578812284,-6.15453126541187e-10
3.65,-6.86868120016985e-11,4.27612184677413e-09,-0.000429613355848793,0.00189580377352391,-5.05819849825009e-10
3.7,8.52747617126282e-11,1.808401936517e-09,-0.000333442828787486,0.00194997803959552,-3.92431193333113e-10
3.75,9.55825463877517e-11,-1.90137195904764e-09,-0.000234724821975783,0.00199750486407022,-2.75915080342664e-10
3.8,-1.77968191141812e-11,-3.66376639268162e-09,-0.000133772130018718,0.00203914444732063,-1.56975248311911e-10
3.85,-1.40699724007716e-10,-2.27979017377371e-09,-3.08803283005583e-05,0.00207504629008151,-3.60856238822076e-11
3.9,-1.83347702812832e-10,2.50144956484975e-09,7.36360697075944e-05,0.00210507442417473,8.63574052419532e-11
3.95,-1.26694787575237e-11,4.7256744860712e-09,0.000179467841889013,0.00212712870652182,2.10616960763933e-10
4,2.10420294309853e-10,4.25504404656599e-09,0.000286200321013785,0.00214096776704106,3.36219766647148e-10
4.05,2.95856041999409e-10,-6.72792990018871e-10,0.000393401190750922,0.00214584932536491,4.62842815264972e-10
4.1,1.67136505246287e-10,-4.76587662299373e-09,0.000500665761485223,0.00214333214399554,5.89452914205503e-10
4.15,-1.13344312423407e-10,-4.54577088810127e-09,0.000607628261297609,0.0021344329729002,7.15253580490833e-10
4.2,-2.32634874205844e-10,-2.71012067990405e-10,0.000713998185467885,0.00211902026086685,8.39930301850787e-10
4.25,-4.10739154233174e-11,6.64130895905647e-09,0.0008194306418489,0.00209660158953938,9.63226561608528e-10
4.3,3.78967646205082e-10,6.83900116530129e-09,0.000923507868423494,0.0020641428264372,1.08563553682722e-09
4.35,8.72795902695479e-10,4.10273021532365e-09,0.00102578403148457,0.00202284449112384,1.2062347459999e-09
4.4,7.89722060289432e-10,-5.33607496219277e-09,0.0011256572346573,0.00197146192111061,1.3247129146922e-09
4.45,9.8963309838225e-11,-1.43506229598886e-08,0.00122272353122452,0.00191233941879361,1.43984455198725e-09
4.5,-5.36941255693196e-10,-5.03898709195753e-09,0.00131680077363421,0.00185137916397219,1.54953066312823e-09
4.55,-5.32440768895951e-10,8.16767888472538e-09,0.00140769620829257,0.00178412833220895,1.655063827626e-09
4.6,1.58515614432816e-10,1.20936229877904e-08,0.00149505153677377,0.00170651115178443,1.75740971902191e-09
4.65,7.01772099288685e-10,6.01808514864513e-09,0.00157823285998758,0.00161838817402721,1.85589854114695e-09
4.7,7.85055898823402e-10,-2.80729351504925e-09,0.00165677914789585,0.00152226020724625,1.94922450964928e-09
4.75,4.37813974633215e-10,-7.2592354246502e-09,0.00173034964054426,0.00142065015916215,2.03623683241438e-09
4.8,5.42809472517823e-11,-6.03205241883063e-09,0.0017987342815648,0.0013142793067647,2.11655094876271e-09
4.85,-7.22865428361235e-11,7.04090519730871e-10,0.00186170413994385,0.00120341267487703,2.1899154739962e-09
4.9,1.615983689413e-10,7.20641431243879e-09,0.00191898740065917,0.00108653438759077,2.25661526633231e-09
4.95,5.81745799438342e-10,7.55597252906628e-09,0.00197024071612363,0.00096206982531681,2.31686958468586e-09
5,8.33793970812138e-10,2.50184649148739e-09,0.00201507782061707,0.000830591412885875,2.37014518695107e-09
5.05,6.66228754779524e-10,-7.82235225461713e-09,0.00205316482395079,0.000692508605999146,2.41603523935693e-09
5.1,1.63984554659671e-10,-9.2371505391592e-09,0.0020842919502628,0.000552795415636199,2.45280014962031e-09
5.15,-3.81247916187099e-10,-3.66888656587288e-09,0.00210834098928614,0.000411300830468852,2.4805036690543e-09
5.2,-2.46967683488698e-10,7.17512467938974e-09,0.0021253523961435,0.000268009442810912,2.499373133856e-09
5.25,5.01296743955457e-10,1.3987221857483e-08,0.00213514218885783,0.000120405263861956,2.5101720368474e-09
5.3,1.0906343440569e-09,3.75503572252243e-09,0.00213732671723303,-3.5270600785106e-05,2.51381902831494e-09
5.35,1.03024716328692e-09,-7.49589305047644e-09,0.00213162782985924,-0.000193412939377413,2.50829972800966e-09
5.4,3.78272260396871e-10,-1.07332061118607e-08,0.00211797072702654,-0.000350590163009567,2.49257521299665e-09
5.45,-9.75787717910834e-11,-4.49016354466512e-09,0.00209653601497232,-0.000505713308780219,2.46670351743543e-09
5.5,-1.09240536499144e-10,3.84282235921082e-09,0.00206738093486334,-0.00066057235522775,2.43153004422351e-09
5.55,2.85030780811208e-10,7.46833924350301e-09,0.00203048028666668,-0.000816793196041519,2.38774078623708e-09
5.6,6.77355709697088e-10,5.00660490946837e-09,0.0019857242715433,-0.000974291421006949,2.33535184763574e-09
5.65,7.55227484133824e-10,-1.77851675328792e-09,0.00193306069009033,-0.00113195710799486,2.27411612349254e-09
5.7,4.41671715943295e-10,-7.77870360837547e-09,0.00187254050514885,-0.00128758024490193,2.20355575531309e-09
5.75,1.7234054601161e-11,-5.67988020767696e-09,0.00180435718423845,-0.00143820529374337,2.1231282946523e-09
5.8,-1.67289716454997e-10,1.65563094589267e-10,0.00172875874739571,-0.00158461223320635,2.03358371927188e-09
5.85,1.12345740185355e-10,7.26602546139379e-09,0.00164598131770632,-0.00172699961566073,1.9354621068302e-09
5.9,5.46606475765299e-10,5.7420989700421e-09,0.00155612215460987,-0.00186799673440045,1.82991797845402e-09
5.95,8.29729111969989e-10,-3.6979012331903e-10,0.00145930393042593,-0.00200577266140374,1.71667068007821e-09
6,5.47050619756483e-10,-7.571514369669e-09,0.00135564286475072,-0.00213868825190372,1.59548863956197e-09
6.05,2.77069975909253e-14,-7.8520118344556e-09,0.00124550963942982,-0.00226359565800725,1.46596449280069e-09
6.1,-4.54024207827491e-10,-6.28373657467627e-10,0.00112932203154351,-0.00237973812955517,1.3285283169395e-09
6.15,-3.32943217390073e-10,7.05304697722792e-09,0.00100756644361186,-0.00248880769388786,1.18449413002918e-09
6.2,3.5931629663225e-10,9.62768596068586e-09,0.000880599141210117,-0.00259208896500302,1.0348668615016e-09
6.25,7.77278051932204e-10,4.56050521084126e-10,0.00074853311582795,-0.00269131737441099,8.80478438005647e-10
6.3,6.82250314792471e-10,-8.72508502185093e-09,0.000611693047525447,-0.00278228954664227,7.20475136134838e-10
6.35,1.62460420286576e-11,-9.73729485433371e-09,0.00047048470794327,-0.00286194893640875,5.54473248981198e-10
6.4,-3.96394663882488e-10,-2.39229271923523e-09,0.000325618385252604,-0.00292973936772003,3.83288491174959e-10
6.45,-3.61588427466736e-10,4.75619050733948e-09,0.000177626465789695,-0.00298800037972766,2.08447671019559e-10
6.5,8.86464254899441e-12,5.97446798684775e-09,2.6961476888315e-05,-0.00303822666598006,3.10867594844277e-11
6.55,2.66194174161227e-10,2.17335239830178e-09,-0.000126016676047156,-0.00307984617687132,-1.48466764776726e-10
6.6,2.42376185231339e-10,-2.87305412142952e-09,-0.000280843402732625,-0.00311137073168665,-3.30063727741719e-10
6.65,-1.61063324910142e-11,-5.03376532748444e-09,-0.000436972478499048,-0.00313121004581861,-5.13496498944408e-10
6.7,-3.07289354790554e-10,-4.7444463553211e-09,-0.000593794982509085,-0.0031392589877703,-6.98002915736158e-10
6.75,-4.2829620612287e-10,-4.64470442046241e-10,-0.000750690522908263,-0.00313481307352414,-8.83015387165391e-10
6.8,-2.72630392804684e-10,5.58165829543004e-09,-0.000907060874852179,-0.00311842442804714,-1.06759600237879e-09
6.85,9.4451253973843e-11,5.33776064245382e-09,-0.0010623549446214,-0.00309257372926765,-1.25024832951019e-09
6.9,5.1094436502323e-10,2.73090784057736e-09,-0.00121605052016336,-0.00305594481084418,-1.43077151667685e-09
6.95,3.43112184619103e-10,-6.66499355583627e-09,-0.001367769234511,-0.00300998962651921,-1.60825449481449e-09
7,-4.06816667836935e-10,-1.53103914105054e-08,-0.00151693508919012,-0.00295229805481487,-1.78281346578705e-09
7.05,-1.06972538544536e-09,-5.35592170923828e-09,-0.00166276452871722,-0.0028771261136413,-1.95540589926857e-09
7.1,-1.06450999105005e-09,7.95852457878797e-09,-0.00180449429960884,-0.00278939812999365,-2.12352948575726e-09
7.15,-4.04643164981475e-10,1.1330763118356e-08,-0.00194155715020182,-0.00269351978959698,-2.28511648293097e-09
7.2,8.7772537815631e-11,5.09413649928239e-09,-0.0020736561746111,-0.00258964650276525,-2.43985272426203e-09
7.25,1.12880303519178e-10,-3.70586648484752e-09,-0.00220033919876659,-0.00247576892737971,-2.58794805536578e-09
7.3,-2.5907342772326e-10,-7.87192094835676e-09,-0.00232104885307312,-0.00234983375861379,-2.72950456199007e-09
7.35,-6.63681887996214e-10,-6.90209395514673e-09,-0.00243514646599627,-0.00221194838480952,-2.86382379568618e-09
7.4,-8.20224395696179e-10,2.99467161375693e-10,-0.00254203524512912,-0.00206207969526887,-2.99031910023764e-09
7.45,-6.22859530843524e-10,6.75628341029267e-09,-0.00264119137292835,-0.00190284363512747,-3.10763980136144e-09
7.5,-2.44435618516103e-10,6.56609259096129e-09,-0.00273220090134202,-0.00173658000692251,-3.21467756254785e-09
7.55,-6.64481784697127e-11,7.10593860164644e-10,-0.00281473910815989,-0.00156348021224018,-3.31115375538164e-09
7.6,-2.64487024354898e-10,-7.71554736427502e-09,-0.00288844160228827,-0.0013830743405891,-3.39696554215699e-09
7.65,-7.24354623107393e-10,-7.79376514537137e-09,-0.00295288114921524,-0.00119238892231652,-3.47275986620524e-09
7.7,-1.07358147159688e-09,-3.09332193585986e-09,-0.00300757048658781,-0.000993109065061147,-3.53758776869777e-09
7.75,-9.10357496841016e-10,6.82443814537684e-09,-0.00305204355104248,-0.000785664665208809,-3.59094718453624e-09
7.8,-3.85915117352833e-10,9.92034319738051e-09,-0.00308603966466323,-0.000574577376468757,-3.63126397601378e-09
7.85,6.14777452593574e-10,9.50772058631802e-09,-0.00310925122054576,-0.000359444988247214,-3.65852512360184e-09
7.9,1.00046839743509e-09,-1.19970614682919e-09,-0.00312178361244471,-0.000143259616672731,-3.67214014158152e-09
7.95,-1.44985812217151e-12,-2.34926008508208e-08,-0.00312367914763057,7.27578038153898e-05,-3.672022915477e-09
8,-1.71636457832693e-09,-2.89616787050421e-08,-0.00311456650267725,0.000297041876565898,-3.66072759461633e-09
8.05,-2.44069340233897e-09,3.79296892036383e-09,-0.00309378226417763,0.00053586041699816,-3.63972678007678e-09
8.1,-1.59178247801301e-09,2.4300993590566e-08,-0.00306103614686214,0.000772284288004841,-3.60336544336875e-09
8.15,-2.98192282055884e-10,2.24247262603293e-08,-0.00301663620876204,0.00100213695553529,-3.55093866297662e-09
8.2,4.21538569918112e-10,5.66375297575758e-09,-0.00296090140106008,0.00122689878128144,-3.48361119460454e-09
8.25,2.93782219638373e-10,-9.84452408782821e-09,-0.00289395739760868,0.00145088727729101,-3.40322983052264e-09
8.3,-3.41127067199091e-10,-1.35113904255639e-08,-0.00281577433959164,0.00167669347373293,-3.31087423439682e-09
8.35,-8.95052157418235e-10,-6.21081851801107e-09,-0.002726282199839,0.00190325032592469,-3.20637001827925e-09
8.4,-9.88667794659302e-10,3.08729572172523e-09,-0.00262551748339415,0.00212686924232945,-3.08881576711467e-09
8.45,-6.58756844097146e-10,7.63586243276087e-09,-0.00251369234135246,0.00234453315268593,-2.95775070328126e-09
8.5,-2.6857370924767e-10,6.61506480478719e-09,-0.00239116714276625,0.00255509820539351,-2.81351243095062e-09
8.55,-8.89127622938483e-11,5.55295063970621e-10,-0.00225831517998879,0.00275786906822059,-2.65659590744085e-09
8.6,-1.91873969989021e-10,-4.3068961162428e-09,-0.00211548976646473,0.00295401318265175,-2.48807333672702e-09
8.65,-3.91493292250046e-10,-6.39436778498865e-09,-0.00196300164420896,0.00314324211801048,-2.30847629838954e-09
8.7,-5.92999326920807e-10,-1.43399519924081e-09,-0.00180123183914734,0.00332613758778549,-2.11870288466389e-09
8.75,-5.77926208384423e-10,6.07385102902265e-09,-0.0016305584439003,0.00350050029630713,-1.91872405717629e-09
8.8,-2.27207188352771e-10,7.44357973460714e-09,-0.00145142848095153,0.0036628006528598,-1.70815123912851e-09
8.85,4.49891716440193e-11,3.36718069442791e-09,-0.0012644990812887,0.00381248732087708,-1.48783029055173e-09
8.9,5.31904751375245e-11,-3.41867568685695e-09,-0.00107039064601159,0.00394971815544485,-1.25877913027102e-09
8.95,-1.68834277500958e-10,-5.42112270745798e-09,-0.000869689205445209,0.00407623225333359,-1.02247598138293e-09
9,-3.62532673447736e-10,-2.77966973233563e-09,-0.000662940187692277,0.00419137473393235,-7.7954776295132e-10
9.05,-3.58155003303913e-10,4.07705248002838e-09,-0.000450747773037631,0.0042944266725229,-5.30660067433626e-10
9.1,-8.25721651646433e-11,6.56361940158295e-09,-0.000233772840166189,0.00438208325935006,-2.7568643039731e-10
9.15,2.08276351248237e-10,4.86174719987759e-09,-1.28113631130039e-05,0.00445386043857477,-1.55823159669058e-11
9.2,2.92552619500821e-10,-1.5295717511567e-09,0.000211326792839637,0.00450910292114952,2.48752348622968e-10
9.25,1.16194098833759e-10,-4.85881548210304e-09,0.000437861506309666,0.00454986993363353,5.15583792560887e-10
9.3,-1.38856922369172e-10,-4.19663394885552e-09,0.000666069606232308,0.00457610451307849,7.83963481031682e-10
9.35,-1.8616037178588e-10,1.72469866886746e-09,0.000895242279675315,0.00458791871131728,1.05292414475729e-09
9.4,5.75823976774827e-11,7.62544383281374e-09,0.00112459481105211,0.00458335808830029,1.3220985493076e-09
9.45,4.94290373943876e-10,6.84269244173442e-09,0.00135327344518173,0.00456006179118708,1.5911838677084e-09
9.5,7.45033747607567e-10,1.83641665354025e-09,0.00158032081958121,0.00451862257265017,1.85879493232427e-09
9.55,5.47138205995569e-10,-6.90171720774245e-09,0.00180481145567537,0.00445907203842991,2.1237913063971e-09
9.6,6.26062416970247e-11,-7.73455150448478e-09,0.00202595012741729,0.00438512255861429,2.38401236836782e-09
9.65,-8.24817142490315e-10,-6.44550882834153e-09,0.00224285762701274,0.00429492803508635,2.63903275744904e-09
9.7,-9.25976865087075e-10,5.55641862732961e-09,0.00245506480425,0.00419144702881246,2.88739612772441e-09
9.75,2.43934097724933e-10,2.4819306084199e-08,0.00266189025314687,0.00407376468274493,3.12866433799096e-09
9.8,1.79983694094521e-09,2.21868001194345e-08,0.00286223446684084,0.00393264164242659,3.36461360111883e-09
9.85,2.20178762041612e-09,-8.12632097866353e-09,0.00305479255064019,0.00376633356687023,3.59431799491111e-09
9.9,1.27196262191167e-09,-2.26250468145732e-08,0.00323869253177325,0.00358910973758662,3.8121725996579e-09
9.95,1.71307986067055e-10,-1.73658216614078e-08,0.003413520285966,0.00340274651044532,4.01727508561414e-09
10,-2.80736907680239e-10,-9.87934967380808e-10,0.0035787772513356,0.0032050090331362,4.20994852724853e-09
10.05,1.14279309852626e-12,1.15586697348134e-08,0.00373375758252392,0.0029916232191877,4.39093655432816e-09
10.1,6.54049882025459e-10,1.23820856839181e-08,0.00387763714390497,0.00276059402912465,4.56010057220697e-09
10.15,1.12666763418743e-09,4.5502371591745e-09,0.00400955912007023,0.00251348260329562,4.71610968474557e-09
10.2,1.15677689030576e-09,-3.54422840604024e-09,0.00412879006141648,0.00225364541576821,4.85721752466488e-09
10.25,8.49257179532351e-10,-6.38453561588234e-09,0.00423475021108862,0.00198360883259187,4.98216129292579e-09
10.3,5.42806689907589e-10,-4.36132598668023e-09,0.00432697519024986,0.00170408071282341,5.09043585101166e-09
10.35,4.75760270438824e-10,1.32280452785128e-09,0.00440500903771156,0.00141555006932652,5.18163144554995e-09
10.4,6.52646591630227e-10,4.76729311322287e-09,0.00446836771682378,0.00111702285943931,5.25579990240546e-09
10.45,8.8270889822189e-10,4.55985568897494e-09,0.00451654931683828,0.000808972319269995,5.31249949220501e-09
10.5,1.00823854471273e-09,-5.43781805469892e-11,0.00454910966056351,0.000492130495686826,5.35128718664356e-09
10.55,9.18255663879257e-10,-3.63044525767311e-09,0.00456566968332912,0.000169263331681035,5.37114382856078e-09
10.6,7.31714894957366e-10,-3.94625275967267e-09,0.00456597661552159,-0.000157835806952386,5.37153813239489e-09
10.65,6.14087753110086e-10,-4.08033538873572e-10,0.00454984615854318,-0.000487855754163236,5.35219078882772e-09
10.7,6.69201095832657e-10,2.88472516941495e-09,0.00451713308415452,-0.000820968415635951,5.3133625576903e-09
10.75,8.18892461759717e-10,4.09507079858651e-09,0.00446769088469973,-0.00115661083038101,5.25507449247266e-09
10.8,9.43755766315304e-10,1.20686691663004e-09,0.00440141710707999,-0.0014942557198375,5.17741833423568e-09
10.85,9.30592948640267e-10,-3.68769690677958e-09,0.00431827092010441,-0.00183203959979117,5.08012578451989e-09
10.9,7.09562056522922e-10,-5.03244140259327e-09,0.00421828558778497,-0.00216696822759381,4.96265101433209e-09
10.95,5.1290445546284e-10,-3.165708146483e-09,0.00410165236361052,-0.0024978940508269,4.82525462288674e-09
11,4.88142299094219e-10,2.46536211806786e-09,0.00396859710096457,-0.00282338553826856,4.66814408421966e-09
11.05,6.800642854265e-10,4.62781275010943e-09,0.00381937813906201,-0.00314451980667252,4.49238478305491e-09
11.1,9.3163685598424e-10,3.57050693122357e-09,0.00365424892069968,-0.00345999416449286,4.29824865277922e-09
11.15,9.42871350114848e-10,-2.2663328257509e-09,0.00347347919351972,-0.00376910404016329,4.08621722177825e-09
11.2,6.57959143818659e-10,-7.97201404223745e-09,0.00327747629244246,-0.00406905786450351,3.85625265145984e-09
11.25,1.53207729143277e-10,-6.8192518370478e-09,0.00306675023076238,-0.00435648429471362,3.60824663531287e-09
11.3,-2.10238589969814e-10,-2.1492218564158e-09,0.00284196441452444,-0.00463122961362388,3.3433313231849e-09
11.35,7.47394772779356e-11,8.44891546588206e-09,0.00260388576350219,-0.00489130347785684,3.06215505544854e-09
11.4,7.8203844922811e-10,1.27018053281588e-08,0.00235310915502335,-0.00513953560167814,2.76670975555816e-09
11.45,1.22076499368481e-09,-5.11152595522256e-10,0.00209013738624387,-0.00537846616316797,2.45875766690652e-09
11.5,9.12087839162397e-10,-1.11267276632163e-08,0.00181558540819618,-0.00560064139446536,2.13690990682395e-09
11.55,1.73647507237133e-10,-1.11785738568253e-08,0.0015303774774603,-0.00580245261672094,1.8014150088193e-09
11.6,-2.88527884351103e-10,-3.59556102852262e-09,0.00123561467987695,-0.0059837949915736,1.45387657338252e-09
11.65,-2.18321000352029e-10,4.50851807400713e-09,0.000932304088042107,-0.00614600129149121,1.09622820160577e-09
11.7,1.41813147488536e-10,6.28166178364431e-09,0.000621337720736924,-0.00629042790284294,7.30240591079015e-10
11.75,4.32143931746465e-10,2.92303902473028e-09,0.000303610004485173,-0.00641591790836213,3.5683963853345e-10
11.8,3.65257407271618e-10,-4.45981434268886e-09,-1.99216667122642e-05,-0.00652139707306938,-2.2965041193035e-11
11.85,-8.73546335389002e-12,-8.11936494941235e-09,-0.000348160231470583,-0.00660369477142906,-4.08698601321841e-10
11.9,-5.74483712636213e-10,-1.18331024039745e-08,-0.000679952735906307,-0.00666340254040446,-7.98607083803734e-10
11.95,-9.11411501802914e-10,-5.42256121414557e-09,-0.00101402008551651,-0.00669666949754219,-1.19225744007544e-09
12,-6.98992481061584e-10,1.22591157947684e-08,-0.00134909016616739,-0.00670263182130286,-1.58827397845376e-09
12.05,5.14430712983536e-11,1.87336522618968e-08,-0.00168397029513538,-0.00668812250017909,-1.98288717381404e-09
12.1,7.3878093920275e-10,2.23167212830943e-09,-0.00201764025172207,-0.00665667787175336,-2.373657815236e-09
12.15,3.91544071814333e-10,-1.28784974975344e-08,-0.00234919402819732,-0.0066003558226714,-2.76208564864633e-09
12.2,-4.77105867951151e-10,-1.49360839400009e-08,-0.00267724162237748,-0.00651522820573304,-3.14776321917687e-09
12.25,-1.09261136730294e-09,-6.58134011742877e-09,-0.00300030047719916,-0.00640201626565784,-3.52866857380895e-09
12.3,-1.07297764604523e-09,4.86232853121243e-09,-0.00331701070919406,-0.00626307190890652,-3.9024310191415e-09
12.35,-6.94504987264333e-10,8.24150499113719e-09,-0.00362622699139173,-0.00610213362909235,-4.26652902586473e-09
12.4,-3.70689940849083e-10,3.90919045418792e-09,-0.00392685850443545,-0.0059193512802564,-4.61971658812543e-09
12.45,-3.68197472142862e-10,-3.54308347389796e-09,-0.00421778274750477,-0.00571359061563913,-4.96115666762961e-09
12.5,-6.24600547858458e-10,-6.85000205899161e-09,-0.00449779181467815,-0.00548291726578817,-5.29019325884644e-09
12.55,-9.37347864179466e-10,-4.56895611306486e-09,-0.00476565212026272,-0.00522734164811534,-5.60552712947475e-09
12.6,-1.0832508310334e-09,-1.2858526153063e-10,-0.0050201507585847,-0.00494852596450574,-5.9053705251994e-09
12.65,-1.05661558482568e-09,2.91268012083981e-09,-0.00526017486161458,-0.00464828596668375,-6.18803970512184e-09
12.7,-8.75625886436974e-10,2.11571311450318e-09,-0.00548465424522758,-0.00432816912051815,-6.45201898004987e-09
12.75,-7.97539676721894e-10,-9.37836663085607e-10,-0.00569263892929834,-0.0039885440074927,-6.69635737140008e-09
12.8,-8.58181775794661e-10,-3.50498518155146e-09,-0.00588315198990989,-0.00362946945547825,-6.92019447177977e-09
12.85,-1.07350401882071e-09,-3.23070182351467e-09,-0.00605525750673061,-0.00325121008238,-7.12267726376866e-09
12.9,-1.22501991348717e-09,-6.45656175708623e-10,-0.00620799971038111,-0.00285501264878125,-7.30262557215289e-09
12.95,-1.25764514428469e-09,2.10974523498092e-09,-0.00634053054428692,-0.00244273529858706,-7.45881645387739e-09
13,-1.12096037550242e-09,2.43419755462413e-09,-0.00645206148697304,-0.00201646036049366,-7.59004847545232e-09
13.05,-9.74861672399605e-10,1.9097261903783e-10,-0.00654193908308153,-0.00157757047148165,-7.69553855897387e-09
13.1,-9.73140889788073e-10,-2.87092029102324e-09,-0.00660957691301418,-0.00112691002713375,-7.77478101494352e-09
13.15,-1.11085789128097e-09,-3.63542342952946e-09,-0.00665440615963191,-0.000664934290362285,-7.82743478413902e-09
13.2,-1.32644486047241e-09,-1.04281001947128e-09,-0.00667591532624765,-0.000192810215959965,-7.85300974340953e-09
13.25,-1.34334857201937e-09,2.47285783874219e-09,-0.00667360219140633,0.00028714247142552,-7.85065885172576e-09
13.3,-1.23052050322633e-09,4.23108403784321e-09,-0.00664715189124432,0.000772437894232395,-7.81972951878432e-09
13.35,-1.01569597440044e-09,1.8075722937997e-09,-0.00659631821695176,0.00126063166550074,-7.75967688859933e-09
13.4,-9.60646413302496e-10,-1.76232465910907e-09,-0.00652101743553755,0.00175097089370914,-7.67072202721167e-09
13.45,-1.05321225994031e-09,-3.83546925588838e-09,-0.0064211635104478,0.00224256971582137,-7.55304199819636e-09
13.5,-1.21889172974473e-09,-1.72890911096931e-09,-0.00629673670194083,0.00273453111092401,-7.40689604418896e-09
13.55,-1.26259811835308e-09,2.099843625074e-09,-0.00614776762355192,0.00322430216121087,-7.23206144830288e-09
13.6,-1.13647611954053e-09,4.52504601260301e-09,-0.00597442338682121,0.00370908452498844,-7.0284057093386e-09
13.65,-9.38843513582296e-10,3.2547187235332e-09,-0.00577700694641909,0.00418631905956407,-6.79604390250859e-09
13.7,-8.08124611947135e-10,-4.80912549118996e-10,-0.00555592655833054,0.00465457303505286,-6.53558579309275e-09
13.75,-8.59476913749272e-10,-2.79567462707752e-09,-0.00531167502149966,0.0051132727889368,-6.24802021740585e-09
13.8,-9.64089385680922e-10,-2.07522696665258e-09,-0.0050447561897409,0.00556114584306892,-5.9341098357907e-09
13.85,-1.02820390806626e-09,1.85425276918953e-09,-0.00475577443408138,0.00599647263438228,-5.59458389178757e-09
13.9,-8.93719356654756e-10,4.50547782536508e-09,-0.00444540133779543,0.00641607029764909,-5.22975996812264e-09
13.95,-6.93521696287497e-10,4.72721322935818e-09,-0.00411448941325031,0.00681782274469316,-4.84051970291767e-09
14,-5.11925506958418e-10,1.04830935007407e-09,-0.00376396122661447,0.00719955222754571,-4.42779346025168e-09
14.05,-5.09449851165157e-10,-1.94961501563248e-09,-0.00339484892755623,0.00756106302111565,-3.9932777511402e-09
14.1,-6.03576898339222e-10,-2.74445820504094e-09,-0.0030081878889288,0.00790125027841467,-3.53835076992863e-09
14.15,-6.61356738064786e-10,6.23165852101354e-10,-0.00260507701530171,0.00821920684315366,-3.0645114832321e-09
14.2,-5.61185783855901e-10,4.85071071649608e-09,-0.002186691760853,0.00851240330758451,-2.57279492559368e-09
14.25,-2.92239277976052e-10,6.02374990075097e-09,-0.00175431515665724,0.00877817241987922,-2.06429825895023e-09
14.3,-6.57297866315838e-11,3.57227335106966e-09,-0.00130937267518668,0.00901496680411341,-1.54063830680934e-09
14.35,2.8091884120977e-12,-1.8075929195572e-09,-0.000853323364746952,0.00922173884551665,-1.00360468887832e-09
14.4,-1.37499293274833e-10,-3.2724077647872e-09,-0.00038766720997484,0.00939951011610646,-4.55682373611926e-10
14.45,-2.79902049515296e-10,-1.74423195523045e-09,8.61222481898263e-05,0.00954692480936103,1.01492334972264e-10
14.5,-2.01192130502484e-10,4.21711327930293e-09,0.000566523272032837,0.00966348209685029,6.65977738936226e-10
14.55,1.20245411280883e-10,7.86763241302332e-09,0.00105190870789911,0.00974614129639242,1.23656977167681e-09
14.6,6.03101937468471e-10,6.86441146449408e-09,0.00154057620460244,0.00979337103879112,1.81151255991959e-09
14.65,8.26835223581574e-10,1.28073071013977e-09,0.00203067385352728,0.00980448585720693,2.38861992188989e-09
14.7,5.76589310841842e-10,-7.43533665675652e-09,0.00252038746779525,0.00977938043301073,2.96560531003899e-09
14.75,1.22791016043216e-10,-5.97812068000731e-09,0.00300803217325914,0.00972192649288998,3.53908591551366e-09
14.8,-2.3563218075666e-10,2.85767057461786e-09,0.00349191670720364,0.00963095196038433,4.10736647402108e-09
14.85,1.82794374457498e-10,1.16297162205712e-08,0.00397045733569775,0.00950395423086726,4.66936751535128e-09
14.9,1.09265643783713e-09,1.237547794228e-08,0.00444176085181113,0.0093382958686447,5.22370029393838e-09
14.95,1.51709926908422e-09,7.81420575284306e-10,0.00490371345798696,0.00913257037097447,5.76833240578052e-09
15,1.32130908202478e-09,-7.32087991622558e-09,0.0053544674147379,0.00889205017763401,6.29942352841574e-09
15.05,8.59876137339865e-10,-6.4353644311779e-09,0.00579234986720026,0.0086188743640658,6.81442719329266e-09
15.1,6.36995060603152e-10,-2.20652178376686e-10,0.00621575876727179,0.00831239267648844,7.31184403568138e-09
15.15,8.31215148653225e-10,5.98529003483993e-09,0.00662301387173652,0.00797151535775963,7.7902595100774e-09
15.2,1.20743365223256e-09,7.61388254856662e-09,0.007012339450957,0.00759549090853779,8.24806574521529e-09
15.25,1.53795710909394e-09,5.3303312449308e-09,0.00738199839851598,0.00718538014918046,8.68314928691511e-09
15.3,1.61729840913797e-09,-1.96528749378764e-09,0.00773030666575178,0.00674181035918482,9.09364492887943e-09
15.35,1.40878151962196e-09,-5.38400805088193e-09,0.00805568878739881,0.00626876103408178,9.47676355774885e-09
15.4,1.11371938888739e-09,-4.0411931617006e-09,0.00835670601105879,0.00576779436264628,9.83071958201903e-09
15.45,1.09918956242333e-09,2.68155663110979e-09,0.00863203364584629,0.00524052880816817,1.0153889614562e-08
15.5,1.432078288944e-09,8.98653411711689e-09,0.00888033027139728,0.00468661338968844,1.04453060812e-08
15.55,1.97628774157474e-09,7.65659952889194e-09,0.00910027044431545,0.00410533840284042,1.07041696409434e-08
15.6,2.3124495103707e-09,1.93023749493332e-09,0.00929051306449034,0.00349943552037247,1.09285617594044e-08
15.65,1.99835379740323e-09,-9.49925991069305e-09,0.00944980098029855,0.0028702838347721,1.11171411750442e-08
15.7,1.31132997782872e-09,-1.19705324277502e-08,0.00957720154119825,0.0022245614303503,1.12672672186425e-08
15.75,8.23863840532099e-10,3.39906224437115e-10,0.00967197751179389,0.00156623960739107,1.13774595527358e-08
15.8,1.13029271767477e-09,1.06179219786782e-08,0.0097335055179028,0.000892121572704345,1.1448755084257e-08
15.85,1.90145219068909e-09,1.06395118257236e-08,0.00976097754093309,0.000201756539360355,1.14810691409454e-08
15.9,2.35364045848626e-09,1.46777572985804e-09,0.00975355188388649,-0.000502293834265581,1.1473299680373e-08
15.95,2.18007238474303e-09,-7.49174235480521e-09,0.00971065018077822,-0.00121466710958163,1.1423776127212e-08
16,1.587939423775e-09,-9.07962039050178e-09,0.00963198094340504,-0.00193060780972985,1.13314018441671e-08
16.05,1.19480625784189e-09,-2.67383659171737e-09,0.00951750946207642,-0.00264736059590659,1.1196070514068e-08
16.1,1.26046234188052e-09,4.39152957788426e-09,0.0093672129856418,-0.0033647076801098,1.10185275112077e-08
16.15,1.63479091953732e-09,6.09874531433365e-09,0.00918106749825611,-0.00408201409898694,1.07993781362275e-08
16.2,1.93801527066957e-09,2.38487197173881e-09,0.00895910442296445,-0.00479672709879217,1.05386659794136e-08
16.25,1.88787852659457e-09,-3.91887037943339e-09,0.00870151473386856,-0.00550532785101275,1.02363176175415e-08
16.3,1.50579140463529e-09,-7.58914973618125e-09,0.00840871883127136,-0.00620349070631496,9.89227766637939e-09
16.35,9.29175094648415e-10,-7.97898095744511e-09,0.00808130911277919,-0.00688834706951388,9.50717486948544e-09
16.4,5.16786896943932e-10,-3.897679523321e-09,0.00772007889883303,-0.00755682638334999,9.08181708211022e-09
16.45,8.10873482026094e-10,9.20373953382805e-09,0.00732601049429671,-0.00820477854098062,8.61688090433831e-09
16.5,1.63859473985122e-09,1.71985776955212e-08,0.00689999630867681,-0.00883415382180428,8.11490337882959e-09
16.55,2.22232471027601e-09,8.6210136110512e-10,0.00644286852130016,-0.00944863414999452,7.57888742220554e-09
16.6,1.87806336859906e-09,-1.40122955637626e-08,0.00595560050408005,-0.0100374828005489,7.00726249937066e-09
16.65,9.70204380311295e-10,-1.54691215703393e-08,0.00543962938188234,-0.0105943549756067,6.40046046908465e-09
16.7,3.27439022558479e-10,-7.12919344808255e-09,0.00489666707716269,-0.0111179222006701,5.76087632962124e-09
16.75,2.87857719402449e-10,3.31463286062822e-09,0.0043283893657418,-0.011608283752644,5.091291265949e-09
16.8,5.84677653404651e-10,8.2030477960761e-09,0.00373639280664944,-0.0120656772128352,4.39438974568567e-09
16.85,9.03081990760523e-10,6.46625521015277e-09,0.00312236816831667,-0.0124883193962232,3.67227330953121e-09
16.9,9.85882843235009e-10,-5.30571137643642e-09,0.00248813083688441,-0.0128752724119907,2.92743646534095e-09
16.95,5.59807413810039e-10,-1.23796922829177e-08,0.00183558368124254,-0.0132198948327301,2.16056650838473e-09
17,-3.87020414621725e-11,-9.83908940738037e-09,0.00116692235092262,-0.0135187494435535,1.37372863717852e-09
17.05,-2.9801194978007e-10,-7.68770218130303e-10,0.000484490140635023,-0.0137710730090478,5.70004130769141e-10
17.1,-1.72990250930838e-10,4.89496721442968e-09,-0.00020943733212345,-0.0139784890208647,-2.46884019276391e-10
17.15,5.18949128443891e-11,5.16205244812069e-09,-0.000912616001230474,-0.0141402458267855,-1.0740865211093e-09
17.2,1.42169108409406e-10,-2.53613375493329e-09,-0.00162271614896635,-0.0142559190926591,-1.90859241777979e-09
17.25,-1.27079162044247e-10,-9.18133031184418e-09,-0.0023373530089116,-0.0143215278461033,-2.74854587186973e-09
17.3,-6.03877032038117e-10,-9.22938211534184e-09,-0.00305396813929316,-0.0143343299754458,-3.59152098895298e-09
17.35,-9.1939147823713e-10,-3.14336333588181e-09,-0.00376988542616235,-0.0142936539535834,-4.43432100706165e-09
17.4,-9.29918845429645e-10,2.45490878854109e-09,-0.00448246815627861,-0.0142010059657547,-5.27314711569053e-09
17.45,-7.88045434123648e-10,3.70446915331241e-09,-0.00518914900312296,-0.0140572156754626,-6.10457279098007e-09
17.5,-7.13844274517076e-10,-9.09616425426918e-10,-0.00588736105506506,-0.013862546129607,-6.92541898898342e-09
17.55,-8.76015267779809e-10,-6.81392260827173e-09,-0.00657452051831242,-0.0136154914738812,-7.73312779363593e-09
17.6,-1.2488122266511e-09,-8.05450294629075e-09,-0.00724798484993469,-0.0133142737122115,-8.52521752242693e-09
17.65,-1.55808457839848e-09,-4.43891749763615e-09,-0.00790503589496681,-0.0129591268088959,-9.29851097203633e-09
17.7,-1.65513675205134e-09,1.52396678078849e-09,-0.00854302005689359,-0.0125513596438291,-1.00496224859917e-08
17.75,-1.53490799381096e-09,3.24101537809073e-09,-0.00915936185975749,-0.0120938024331655,-1.07748283091471e-08
17.8,-1.44128192293371e-09,9.03982936649028e-10,-0.0097516011277897,-0.0115873259495189,-1.14712546362494e-08
17.85,-1.52417461376212e-09,-5.1106302586356e-09,-0.0103173002513572,-0.0110329266161405,-1.21360736575607e-08
17.9,-1.84112888392873e-09,-7.17134377781535e-09,-0.0108540593526457,-0.0104294578573428,-1.27672657582961e-08
17.95,-2.16779200740714e-09,-5.64754853814986e-09,-0.0113594508979184,-0.00977850229542595,-1.33619364533818e-08
18,-2.29106010149614e-09,5.3107018829909e-10,-0.0118311277318598,-0.00908137010133221,-1.39174373830458e-08
18.05,-2.15899404767998e-09,4.18573976815403e-09,-0.0122668870292809,-0.00834222021941086,-1.44304214982436e-08
18.1,-1.9069609263908e-09,3.6567742061177e-09,-0.012664684389561,-0.007563640964566,-1.48983091639618e-08
18.15,-1.87369993399172e-09,-1.80896924396505e-09,-0.0130226384804874,-0.00674812855994847,-1.53188080099675e-08
18.2,-2.16730826541368e-09,-8.58600944617921e-09,-0.0133389175965333,-0.00589691946111775,-1.56901450284338e-08
18.25,-2.68345812086049e-09,-7.60399911264413e-09,-0.0136117519118839,-0.00500964572462669,-1.60111932423877e-08
18.3,-3.118555117952e-09,-3.12225008157876e-09,-0.0138394287208561,-0.00409035685834134,-1.62794895109875e-08
18.35,-2.9030544633466e-09,7.5915698021573e-09,-0.0140202887505953,-0.00314098388055503,-1.64933696337836e-08
18.4,-2.1919364732638e-09,1.3562267163323e-08,-0.0141530546662766,-0.00216806771579367,-1.66501755593906e-08
18.45,-1.66972850278662e-09,1.60100277110165e-09,-0.0142367717754451,-0.00117904859566089,-1.67473957179916e-08
18.5,-1.85063123194074e-09,-9.46012099898082e-09,-0.0142705935612489,-0.000171201217077104,-1.6786016978955e-08
18.55,-2.55739997425309e-09,-1.06805797522008e-08,-0.0142536194230627,0.000854983949105993,-1.67659211983407e-08
18.6,-3.00041513294038e-09,-3.11595812403854e-09,-0.014184923923297,0.0018957688656346,-1.6685908617868e-08
18.65,-2.91651163961526e-09,5.5275693631858e-09,-0.014063920423488,0.00294513069168995,-1.65444778418602e-08
18.7,-2.4611016776195e-09,8.25971583738337e-09,-0.0138903390208709,0.00399715638159919,-1.63405754314255e-08
18.75,-2.05124781853177e-09,5.07153420127969e-09,-0.0136641804070031,0.00504807809039266,-1.60742012581105e-08
18.8,-1.98805280416916e-09,-1.7582837294584e-09,-0.0133855936775326,0.00609481106318473,-1.57457706108472e-08
18.85,-2.24370409838521e-09,-5.49495574845893e-09,-0.0130548171710066,0.00713569651672661,-1.53562728986826e-08
18.9,-2.51823228109685e-09,-2.8724465885699e-09,-0.0126721940958694,0.00816796021756857,-1.49064557006649e-08
18.95,-2.50509531364806e-09,3.15042303973755e-09,-0.0122382543909968,0.00918680586359742,-1.43966308961469e-08
19,-2.17203067519237e-09,7.64678398729329e-09,-0.0117538100249857,0.0101867807572965,-1.38272349286049e-08
19.05,-1.77868245935743e-09,5.90981668516085e-09,-0.0112199605980632,0.0111624856148804,-1.3199065759939e-08
19.1,-1.59350537725203e-09,1.22672843049504e-09,-0.0106380021874378,0.0121111011155712,-1.2513994092035e-08
19.15,-1.69352074827652e-09,-2.96190261056298e-09,-0.0100093613321165,0.0130299206926472,-1.1774060240687e-08
19.2,-1.85997187585982e-09,-1.63781916849508e-09,-0.00933556033119862,0.0139168314833943,-1.09815832669518e-08
19.25,-1.86255022293724e-09,2.46070064641234e-09,-0.00861830129705846,0.014767290367227,-1.0138277138954e-08
19.3,-1.56346767787836e-09,7.42416868366365e-09,-0.00785949777714478,0.015577095023886,-9.24619179912554e-09
19.35,-1.14742562697281e-09,6.85721704976372e-09,-0.00706134228555454,0.0163406735762612,-8.30723307168442e-09
19.4,-8.31362618583238e-10,3.3689285767711e-09,-0.00622621382319332,0.0170554425872229,-7.3244741472032e-09
19.45,-8.28895929341804e-10,-1.18321897699617e-09,-0.00535665738964714,0.0177186980347704,-6.3011043569421e-09
19.5,-9.84536392649199e-10,-1.60473260774316e-09,-0.00445525924021916,0.0183289913688376,-5.24071288617092e-09
19.55,-1.38706248770886e-09,-2.36260241635538e-09,-0.0035248325736806,0.0188819014536958,-4.14613871386966e-09
19.6,-1.38593319381002e-09,4.05855767286999e-09,-0.00256811317882582,0.0193770669561438,-3.02139127226996e-09
19.65,-6.25574888589991e-10,1.74133334586233e-08,-0.00158805835180735,0.0198117950061188,-1.86992349791072e-09
19.7,5.25538144508486e-10,2.08264691612478e-08,-0.000587975206277209,0.0201781826744196,-6.93849028272411e-10
19.75,1.16579418014511e-09,1.03945801206411e-09,0.000428536107164236,0.0204696294158785,5.03993015251623e-10
19.8,8.22470248876575e-10,-1.15477366511302e-08,0.00145788927013353,0.0206937854532513,1.71618338669639e-09
19.85,1.7087312465855e-10,-9.61342191936945e-09,0.00249677647591999,0.0208512408756555,2.93806016072198e-09
19.9,-9.10762333928827e-11,7.20564600615214e-10,0.00354181431712547,0.0209385039099521,4.16628782497794e-09
19.95,2.52033556948655e-10,1.04557964255336e-08,0.00458939234214296,0.0209513498430037,5.39756663623413e-09
20,8.20593102089948e-10,1.60353444870647e-08,0.00563565052367769,0.0208874910516547,6.62773038153628e-09
20.05,1.45306819585367e-09,1.04854130914054e-08,0.00667674204497282,0.0207438146711896,7.85298811819779e-09
20.1,1.81221169288809e-09,-3.0270698383969e-09,0.00770873120941527,0.0205207111520153,9.06837672810207e-09
20.15,1.54366407088556e-09,-7.18609838912641e-09,0.00872765230652883,0.0202233817141531,1.0267408161387e-08
20.2,1.28730669247594e-09,-2.28634641938728e-09,0.00972984569459566,0.0198517454343139,1.14458084732338e-08
20.25,1.39113129564718e-09,6.51022924293088e-09,0.0107115675808165,0.0194044093854323,1.2599717160015e-08
20.3,1.79162138237875e-09,1.09213850356462e-08,0.011668965326529,0.0188792202110256,1.37254741848829e-08
20.35,2.28735738278439e-09,8.18873310988939e-09,0.0125981660272494,0.0182760634667338,1.4818814115974e-08
20.4,2.59154015875075e-09,1.48219875015088e-09,0.013495320498223,0.0175970046889729,1.5874875286621e-08
20.45,2.5959374207389e-09,-2.36478840055408e-09,0.0143566974087483,0.0168455887395039,1.68885489696828e-08
20.5,2.48800862733012e-09,-9.56689319339298e-10,0.0151787291343719,0.016024248680219,1.78553862359671e-08
20.55,2.5043859589667e-09,3.24807707345392e-09,0.0159579610859382,0.0151341478758923,1.87715821520403e-08
20.6,2.69832504982988e-09,6.21057795619604e-09,0.0166909838472908,0.0141762033288825,1.96335513207627e-08
20.65,3.02018066043063e-09,5.40382859999047e-09,0.0173744653417814,0.0131520819544479,2.04376401432325e-08
20.7,3.25761168627483e-09,2.14240682288225e-09,0.0180051592004534,0.0120649364731698,2.11798913990555e-08
20.75,3.34399676366831e-09,-7.97167081376172e-10,0.018580008435273,0.0109186682201315,2.18564167290531e-08
20.8,3.27766062839931e-09,-9.45384993118185e-10,0.0190961263778096,0.00971734540256604,2.24635604495958e-08
20.85,3.22679590736712e-09,1.31822936362642e-09,0.0195508597794593,0.00846438564902497,2.29982414053712e-08
20.9,3.29574549200809e-09,3.85344222458763e-09,0.0199417188342187,0.0071628749926958,2.34577560733324e-08
20.95,3.48870623320792e-09,4.04801192157223e-09,0.0202663657418129,0.00581597211766149,2.3839629433583e-08
21,3.70983455785927e-09,1.45425569911335e-09,0.0205226426346816,0.00442773418596898,2.41413702411992e-08
21.05,3.75355840721652e-09,-1.77450975567513e-09,0.0207085760479682,0.00300324698751779,2.43604303356575e-08
21.1,3.67484727138265e-09,-3.15797288324622e-09,0.0208224918391306,0.00154792753961671,2.44945792337879e-08
21.15,3.49573575632171e-09,-1.00018605695657e-09,0.0208629424761703,6.71156539684466e-05,2.45419356009734e-08
21.2,3.4705527549733e-09,2.0021721540145e-09,0.0208288067230468,-0.00143507538864333,2.45014643952021e-08
21.25,3.55729894019629e-09,3.65647194538585e-09,0.0207191156577059,-0.00295424651833371,2.43722566802622e-08
21.3,3.71226744382331e-09,1.22826583979191e-09,0.0205331544393941,-0.00448603425707001,2.41537594478863e-08
21.35,3.733336472215e-09,-2.72801848317439e-09,0.0202704278741269,-0.00602428733588177,2.38451212515352e-08
21.4,3.57353155982172e-09,-5.29087883558112e-09,0.0199307603656317,-0.00756262133733824,2.34458279530886e-08
21.45,3.34061954043482e-09,-4.02601591305984e-09,0.0195142946261209,-0.00909470086067364,2.29557911452348e-08
21.5,3.1702670376042e-09,-1.90219062509729e-10,0.0190214657941511,-0.0106153204631266,2.23756550128316e-08
21.55,3.18730948893967e-09,1.88633591831125e-09,0.0184529897499016,-0.0121202229719957,2.17067175556047e-08
21.6,3.23726270586301e-09,8.31105110445967e-10,0.0178097706019247,-0.0136041951514803,2.09501868114272e-08
21.65,3.22089952569927e-09,-3.57530822534889e-09,0.017093014063308,-0.0150616510028551,2.01075042022602e-08
21.7,2.99188124335874e-09,-6.39705852471381e-09,0.0163041947165169,-0.016485381125883,1.91798846830843e-08
21.75,2.69298766736682e-09,-6.68138090847579e-09,0.0154451600472599,-0.0178694520574497,1.81694012100594e-08
21.8,2.4230228784809e-09,-2.90806193900324e-09,0.0145180219507693,-0.0192078089892093,1.70783780323842e-08
21.85,2.32938877996753e-09,3.33000080790689e-11,0.0135251863346378,-0.0204965421411252,1.59101600862931e-08
21.9,2.32879804455122e-09,5.05367333036465e-10,0.0124692557062694,-0.0217308176952031,1.46679811750449e-08
21.95,2.2603394485348e-09,-3.22407760806733e-09,0.0113530741686473,-0.0229059480407821,1.33553692885165e-08
22,2.01363611340405e-09,-7.85683428759201e-09,0.0101797574429926,-0.0240157830236472,1.1975642324764e-08
22.05,1.58697679923155e-09,-8.98943659588928e-09,0.00895270716979155,-0.0250539730204957,1.05323381557934e-08
22.1,1.21063260814953e-09,-6.53996139068177e-09,0.00767564621250565,-0.026015696003681,9.0298274949888e-09
22.15,1.01425497746335e-09,-8.25797688856771e-10,0.00635249619924155,-0.0268964781843856,7.47275690962025e-09
22.2,1.02905982602729e-09,5.15379223410748e-10,0.00498736963468459,-0.0276944385381063,5.86676818708189e-09
22.25,1.05691101301707e-09,-1.34308734894704e-09,0.00358451710345687,-0.0284051225354114,4.21673791263792e-09
22.3,7.99325309531864e-10,-7.81878201405284e-09,0.00214836093199289,-0.0290251654209527,2.52801747242918e-09
22.35,2.49076694734233e-10,-1.25558567854136e-08,0.000683591027206306,-0.0295489712172029,8.05454624435008e-10
22.4,-5.48290085359358e-10,-1.15646185537048e-08,-0.000804916532835839,-0.0299719970306766,-9.45634763006244e-10
22.45,-1.12977843530719e-09,-6.19595910090522e-09,-0.00231198236579735,-0.0302916580467598,-2.71901577311242e-09
22.5,-9.60059778228938e-10,6.20457835919617e-09,-0.00383226793752275,-0.0305044040200234,-4.5086879591358e-09
22.55,-3.27969469162709e-10,1.08096550900434e-08,-0.00536058035605686,-0.0306127348906283,-6.30698170217642e-09
22.6,-8.2018762417488e-11,-5.61782477666711e-09,-0.00689179540998707,-0.030619048603467,-8.10647559667008e-09
22.65,-7.16973118432027e-10,-1.76530975393999e-08,-0.00842059199439019,-0.0305136492182758,-9.9035869731948e-09
22.7,-1.73110596655516e-09,-1.70534852073853e-08,-0.00994126275355641,-0.0302926367180268,-1.16924698589775e-08
22.75,-2.43402267826008e-09,-8.49585699306574e-09,-0.0114479850699603,-0.029956623028211,-1.34657825151717e-08
22.8,-2.56270595890194e-09,7.34643007883731e-10,-0.0129350371266793,-0.0295074915931521,-1.52160271772067e-08
22.85,-2.43001081194356e-09,4.5376971276847e-09,-0.014396877576,-0.0289472101969967,-1.69360431123392e-08
22.9,-2.30887814889088e-09,1.70084027803155e-09,-0.0158279529897722,-0.028276576417902,-1.86191699738946e-08
22.95,-2.44740280152509e-09,-9.31057695937385e-09,-0.0172227321925962,-0.0274968996415981,-2.02587396721062e-08
23,-3.03876906518313e-09,-1.40503843135058e-08,-0.0185757325259642,-0.026604776240784,-2.18498236618478e-08
23.05,-3.69409517845861e-09,-1.06352633184571e-08,-0.019881344720291,-0.025601187562264,-2.33860218345285e-08
23.1,-3.98759503932736e-09,-1.57975105527134e-09,-0.0211340331120439,-0.0244889369771199,-2.4860557657534e-08
23.15,-3.91964277574432e-09,3.25938057100041e-09,-0.022328519826716,-0.0232736454180875,-2.62661848488683e-08
23.2,-3.77636556646419e-09,3.05606155893255e-09,-0.0234597482331993,-0.0219584767069765,-2.75968681420618e-08
23.25,-3.81034929412647e-09,-4.76503249120274e-09,-0.0245227952152795,-0.0205475595456964,-2.88465451662288e-08
23.3,-4.19045864707503e-09,-1.10428846727378e-08,-0.0255129031788715,-0.0190416499484752,-3.00105838707847e-08
23.35,-4.75427965465566e-09,-9.85129956935436e-09,-0.0264254004080856,-0.0174429033541787,-3.10841126623674e-08
23.4,-5.06693804381165e-09,-2.81540914566643e-09,-0.0272557259031386,-0.0157562569653854,-3.20615951776449e-08
23.45,-5.01433115129872e-09,3.80343656731124e-09,-0.0279996633914171,-0.0139885404339534,-3.29374124638107e-08
23.5,-4.77395632217795e-09,4.91362095532907e-09,-0.0286533450052506,-0.0121465996293032,-3.37064785597317e-08
23.55,-4.66304276486802e-09,9.2503290870224e-11,-0.0292132006764514,-0.0102361517892689,-3.43645493697487e-08
23.6,-4.86727897429031e-09,-8.5626832988407e-09,-0.0296759137517268,-0.00826242061764924,-3.49079441934434e-08
23.65,-5.35816750745108e-09,-8.94006013582785e-09,-0.0300384138122036,-0.00622770891295771,-3.53343263340729e-08
23.7,-5.74669536082762e-09,-3.92564244448178e-09,-0.0302978167046414,-0.00413940101218763,-3.56399992165415e-08
23.75,-5.65445764763662e-09,5.40267298548848e-09,-0.0304515704984566,-0.00200458485538969,-3.58218474312658e-08
23.8,-5.20913336441284e-09,8.64883497581475e-09,-0.0304976397161558,0.000166360113282695,-3.58763820688638e-08
23.85,-4.40182991307216e-09,1.16943162161485e-08,-0.0304343101669922,0.00236805663066238,-3.58022058708282e-08
23.9,-4.07663657255843e-09,2.34452997349545e-09,-0.0302604797522841,0.00458899595354536,-3.55967385437262e-08
23.95,-4.73534244490802e-09,-1.96922602722192e-08,-0.0299753318100228,0.00682135157854088,-3.52589887044016e-08
24,-6.0057612077442e-09,-2.5413346700371e-08,-0.0295781818568167,0.00906663269925664,-3.47912045968517e-08
24.05,-6.69773819706009e-09,2.23415019263052e-09,-0.0290684738075273,0.0113224458263036,-3.41945274178302e-08
24.1,-5.96872202751821e-09,2.14029516341929e-08,-0.0284461334545372,0.0135673387824832,-3.34644641618971e-08
24.15,-4.76283144750365e-09,2.17115815383185e-08,-0.027712080785213,0.0157896974374661,-3.26010040738588e-08
24.2,-3.97286779942783e-09,8.68890405525585e-09,-0.0268676340977257,0.0179829553333092,-3.16062799982043e-08
24.25,-3.91522456476073e-09,-4.55531849402025e-09,-0.0259143439221017,0.0201430109189107,-3.04834960846614e-08
24.3,-4.25975828282134e-09,-8.26287818129673e-09,-0.0248539679921218,0.0222647520006937,-2.92357473700765e-08
24.35,-4.56213841273369e-09,-1.57967858985343e-09,-0.0236886375839763,0.0243402476229202,-2.78656308712583e-08
24.4,-4.46118183643925e-09,6.77319861178646e-09,-0.0224209193592754,0.0263585507546205,-2.63752476827539e-08
24.45,-3.96816938792844e-09,1.09805712914803e-08,-0.0210539065153512,0.0283096907967055,-2.47676242172797e-08
24.5,-3.40046954118422e-09,9.91619203009751e-09,-0.0195911929846215,0.0301852994739123,-2.30468695747623e-08
24.55,-2.98866398165553e-09,5.85108564658625e-09,-0.0180367423539521,0.0319782495954067,-2.12178853602873e-08
24.6,-2.8336704206196e-09,2.00534426277344e-09,-0.0163948634254029,0.0336819143306317,-1.92860791865065e-08
24.65,-2.750604934707e-09,2.02029258436344e-09,-0.014670150382778,0.0352900515321766,-1.72572387185677e-08
24.7,-2.57424215390368e-09,5.1478930424488e-09,-0.0128675716329151,0.0367952319056245,-1.513712971835e-08
24.75,-2.20627330418995e-09,9.33761927903195e-09,-0.0109924669026049,0.0381898803070362,-1.29318176177816e-08
24.8,-1.7084355966085e-09,1.01506999791174e-08,-0.00905056369541326,0.0394659465581034,-1.06475725683819e-08
24.85,-1.24549505965622e-09,8.28068611703619e-09,-0.00704795288222851,0.0406173253890102,-8.29163249840591e-09
24.9,-9.08763447135518e-10,5.14011338129829e-09,-0.00499100469367424,0.0416385125001485,-5.87163965226271e-09
24.95,-6.69717384043201e-10,3.57287363770195e-09,-0.00288633411164865,0.0425248695872522,-3.39567487832989e-09
25,-4.31903157815375e-10,4.17570316534854e-09,-0.000740814310006308,0.0432714271301845,-8.71886163282061e-10
25.05,-1.21070106053721e-10,9.12715625838414e-09,0.00143842816574806,0.0438741522012502,1.69111392104639e-09
25.1,3.83430993956104e-10,1.28234997179427e-08,0.00364407120691596,0.0443269972419596,4.28530207975827e-09
25.15,1.07289346821441e-09,1.2720135394743e-08,0.0058685468908191,0.0446253582151412,6.90204379013027e-09
25.2,1.59470348676526e-09,8.32169820425838e-09,0.008103980966307,0.0447657235301399,9.5321284394622e-09
25.25,1.80016730103372e-09,1.19670832074196e-09,0.0103424242609196,0.0447457965113338,1.21660399950592e-08
25.3,1.77464410611302e-09,1.22364552702017e-09,0.0125758845640842,0.0445665207946002,1.47933369182737e-08
25.35,1.68853066596331e-09,4.56978847437363e-09,0.0147962925603514,0.0442249876154381,1.74049304945753e-08
25.4,2.20587691309289e-09,1.39909902972929e-08,0.016995643483255,0.0437210010594405,1.99911142907493e-08
25.45,3.32048326073059e-09,2.19440312197012e-08,0.019165705392867,0.0430515879125251,2.25429989352454e-08
25.5,4.30652744586516e-09,1.1754266859351e-08,0.0212980113696976,0.0422113688203426,2.50523800047074e-08
25.55,4.62346592119494e-09,-8.72759444682418e-10,0.0233841421872646,0.0412059539606196,2.75077001687556e-08
25.6,4.33239407692538e-09,-4.05441992120311e-09,0.0254159220342343,0.0400403935503728,2.98980909143802e-08
25.65,4.19921656357783e-09,1.69754868528534e-09,0.0273854885581853,0.0387164445751675,3.2214357349405e-08
25.7,4.50450499575382e-09,9.84313522110845e-09,0.0292849219299716,0.0372344859032415,3.44478716308852e-08
25.75,5.15910444972265e-09,1.35020360798724e-08,0.0311063320778301,0.0355953612126741,3.65900767467977e-08
25.8,5.83425863913131e-09,1.26682819102586e-08,0.0328419202948743,0.0338027038962932,3.86317994259361e-08
25.85,6.26883546677035e-09,5.07973667888927e-09,0.0344840898146664,0.031860031284912,4.05643414778045e-08
25.9,6.3383128840043e-09,-2.19659789853874e-09,0.0360255333340243,0.0297744646819835,4.23783630394584e-08
25.95,6.18460272206032e-09,-1.82574427571447e-09,0.0374592901929835,0.0275538271687343,4.40649038041563e-08
26,6.2341818497867e-09,3.91728907797317e-09,0.0387787565725002,0.0252034628945258,4.56164349763877e-08
26.05,6.65720251616158e-09,1.14942329638098e-08,0.0399775763124943,0.0227288435900771,4.70258520878173e-08
26.1,7.302075189889e-09,1.13901721398316e-08,0.0410496495973817,0.020134035157998,4.82869814430689e-08
26.15,7.81991971584059e-09,6.75239920734872e-09,0.0419891592365933,0.0174276797246693,4.93926487221726e-08
26.2,7.81099917817322e-09,-4.36239844815452e-09,0.0427906642017565,0.0146172890713127,5.03366580409609e-08
26.25,7.386666620794e-09,-9.11464314965135e-09,0.0434493262753064,0.0117156460849633,5.11119662697366e-08
26.3,6.61595588512583e-09,-4.84275950337276e-09,0.0439607439839207,0.00873272256298372,5.17131155843586e-08
26.35,6.47105781343477e-09,6.25972929995094e-09,0.0443212381547839,0.00567747871795435,5.21360089771321e-08
26.4,7.52882292680372e-09,2.13978998396414e-08,0.0445275054513199,0.00255903419367587,5.23770548659198e-08
26.45,8.83493691314237e-09,1.58592293941376e-08,0.0445762888114231,-0.000620317301013752,5.24350236039163e-08
26.5,9.08208050716014e-09,-8.30588476153785e-09,0.0444647253473156,-0.00384937537119754,5.23063316058285e-08
26.55,8.23707394883391e-09,-1.94332213080163e-08,0.0441908799592152,-0.00710699384574868,5.19853689115638e-08
26.6,7.289117681073e-09,-1.50549391287667e-08,0.0437537178479361,-0.0103810254251013,5.14706584334559e-08
26.65,6.86009431971356e-09,-2.45155528493673e-09,0.0431526550683369,-0.0136622436333461,5.07622797540142e-08
26.7,6.98926303790033e-09,6.5065435315124e-09,0.0423875065325794,-0.0169427615692301,4.98612648708104e-08
26.75,7.3357120781576e-09,6.18790974772288e-09,0.0414585509418447,-0.0202125620016309,4.87685345130275e-08
26.8,7.49370578751968e-09,-1.38288855697957e-09,0.0403666405725713,-0.0234590602781817,4.74848780961027e-08
26.85,7.27069426648792e-09,-8.35488795578733e-09,0.0391132962300798,-0.0266677037326037,4.60112580428682e-08
26.9,6.74668877117315e-09,-1.04078534291633e-08,0.0377007280703813,-0.0298249991751863,4.43498194018791e-08
26.95,6.23367835807311e-09,-8.39433946670849e-09,0.0361318289236665,-0.0329191082934218,4.25040548709953e-08
27,5.89364715058429e-09,-4.85440774494117e-09,0.0344100460897956,-0.0359387826130235,4.04782870527105e-08
27.05,5.75160912663055e-09,-2.87346520648106e-09,0.0325393830799906,-0.0388730625668363,3.82775502553184e-08
27.1,5.64847599668322e-09,-2.41515048196476e-09,0.0305243788671825,-0.0417101621671531,3.59071800079285e-08
27.15,5.44557363053327e-09,-5.15039967290413e-09,0.028370166983486,-0.0444389756579634,3.33733909865591e-08
27.2,4.96999095207958e-09,-1.28156275077564e-08,0.0260824428525273,-0.0470486580778533,3.06830657340789e-08
27.25,4.23031391519576e-09,-1.65000745401253e-08,0.0236675209506436,-0.0495252332309469,2.78426940650034e-08
27.3,3.17279028027764e-09,-1.37290169298239e-08,0.021132247689284,-0.0518571084647696,2.48600691188414e-08
27.35,2.51379576914408e-09,-6.23464140130083e-09,0.0184842550054337,-0.0540342597958714,2.17443509837132e-08
27.4,2.74098318743847e-09,5.03181880549057e-09,0.0157316102574253,-0.0560468566394542,1.85051297301867e-08
27.45,3.23545428609278e-09,2.99209698991226e-09,0.0128825199288878,-0.057890832064038,1.51538569528921e-08
27.5,2.99261110786019e-09,-1.54836702853856e-08,0.00994554040101287,-0.0595581475863143,1.1700927345384e-08
27.55,1.87774635690063e-09,-2.46121689063244e-08,0.00692994258912491,-0.0610318950657869,8.15453213280093e-09
27.6,6.40468251804345e-10,-2.12894606530512e-08,0.00384569841156261,-0.0623029340150978,4.52607485677048e-09
27.65,-1.9492836125328e-10,-1.16337221622051e-08,0.000703104888041292,-0.0633656946843218,8.28312398421505e-10
27.7,-5.37809644229248e-10,-4.16468094576354e-09,-0.00248732365305762,-0.0642160596039556,-2.92548989606411e-09
27.75,-7.13841603345006e-10,-3.10198653646361e-09,-0.00571488210277418,-0.0648492435169097,-6.72229497382044e-09
27.8,-9.93513735618802e-10,-9.44783810497918e-09,-0.00896854942304484,-0.0652601122074794,-1.05490328787487e-08
27.85,-1.60001238259543e-09,-1.53176525811202e-08,-0.012237049332287,-0.0654414210336994,-1.43932690095933e-08
27.9,-2.39758677562064e-09,-1.68295637597147e-08,-0.0155087616169166,-0.0653879217408658,-1.82417427765223e-08
27.95,-3.20139658007625e-09,-1.3205978056819e-08,-0.0187718696577852,-0.0650961410094851,-2.20806357306586e-08
28,-3.79927573687538e-09,-9.18171608846209e-09,-0.0220144186177221,-0.0645651919649116,-2.58953864812606e-08
28.05,-4.22407991959526e-09,-7.49913487712793e-09,-0.0252244151342257,-0.0637943886859854,-2.96715980868882e-08
28.1,-4.57576106488653e-09,-9.30352167646762e-09,-0.0283898401260711,-0.0627833930055606,-3.33950114929238e-08
28.15,-5.06411121976034e-09,-1.21511367488913e-08,-0.0314987081869787,-0.0615315986218321,-3.70517851132063e-08
28.2,-5.6883228225544e-09,-1.35505506134305e-08,-0.0345389705713328,-0.0600392239304926,-4.06280078740449e-08
28.25,-6.40510524304402e-09,-1.21155686690307e-08,-0.0374986504294313,-0.0583077275006779,-4.41097369155576e-08
28.3,-6.98632996747431e-09,-8.98031183492246e-09,-0.0403658462107032,-0.0563402587413171,-4.74828526142658e-08
28.35,-7.42920361157707e-09,-6.62378027446483e-09,-0.0431288630859993,-0.054141305780403,-5.07333369306635e-08
28.4,-7.70068092265274e-09,-6.99545636251656e-09,-0.0457762042435792,-0.0517160766129694,-5.38474605082739e-08
28.45,-8.04837825208707e-09,-9.42187876617538e-09,-0.0482967427650359,-0.0490698641238623,-5.68122052549115e-08
28.5,-8.49408242375834e-09,-1.17845663382271e-08,-0.0506795625872449,-0.0462083547961935,-5.96149532478008e-08
28.55,-9.08372012459851e-09,-1.08199745468862e-08,-0.0529140693375917,-0.0431377403229712,-6.22435855334113e-08
28.6,-9.63078108224095e-09,-6.97695812504205e-09,-0.0549900102470154,-0.0398662373217612,-6.46859941546402e-08
28.65,-9.93596875886878e-09,-2.97369328066214e-09,-0.056897558427772,-0.0364036327347343,-6.69303332180716e-08
28.7,-1.00859458038846e-08,-2.11972158929889e-09,-0.0586274099528263,-0.0327607545696008,-6.89653097484169e-08
28.75,-1.01753743289281e-08,-5.14216125062518e-09,-0.0601707905197896,-0.0289483930263363,-7.07805256663613e-08
28.8,-1.046300339327e-08,-7.8830800521929e-09,-0.0615195443714402,-0.0249765530924145,-7.23668248112453e-08
28.85,-1.08285994314993e-08,-7.97920725246539e-09,-0.0626659521402438,-0.0208565224711982,-7.37153754200261e-08
28.9,-1.11858698425121e-08,-3.93586078614181e-09,-0.0636029268025985,-0.0166005722797558,-7.48179981329375e-08
28.95,-1.13148224178217e-08,1.48051852834911e-10,-0.0643240145562254,-0.012223410241803,-7.56666695740201e-08
29,-1.12947581551292e-08,2.20115776688508e-09,-0.0648235273191763,-0.00773976141548783,-7.62544805720424e-08
29.05,-1.11928806439582e-08,2.62376508599756e-10,-0.0650964807707386,-0.00316490453414393,-7.65753614271197e-08
29.1,-1.12059247643916e-08,-2.27696503101942e-09,-0.0651387025423712,0.00148706748491141,-7.66247610733264e-08
29.15,-1.13037316731379e-08,-3.14151314947914e-09,-0.0649467115839158,0.00620122748530157,-7.63988241769577e-08
29.2,-1.14027887778036e-08,-1.76134666759474e-10,-0.0645177858872388,0.010962152500728,-7.58945756358634e-08
29.25,-1.13479031373468e-08,4.22483239486468e-09,-0.0638500146155787,0.0157526051967243,-7.51095155862994e-08
29.3,-1.10995568815418e-08,7.11675943819914e-09,-0.0629423603598976,0.0205548262386671,-7.40421136739988e-08
29.35,-1.07697772428022e-08,6.55059005849812e-09,-0.061794661630749,0.0253510426413974,-7.26919747350175e-08
29.4,-1.04647462128897e-08,3.17372427492758e-09,-0.0604076289554154,0.0301241197140321,-7.1060002746928e-08
29.45,-1.03227290139457e-08,1.82434011977698e-09,-0.0587828661922675,0.0348581154201536,-6.91485937530195e-08
29.5,-1.01746457812616e-08,3.2576721721749e-09,-0.0569227409370119,0.0395356679490959,-6.69606123530078e-08
29.55,-9.91494283195854e-09,8.39835066348741e-09,-0.0548305228373949,0.0441394217652084,-6.45000020969967e-08
29.6,-9.42005710928572e-09,1.19246427399215e-08,-0.0525103664273634,0.0486500704472976,-6.17710898368743e-08
29.65,-8.81263160899494e-09,1.30827689257184e-08,-0.0499673816753422,0.0530498082351012,-5.87798072539991e-08
29.7,-8.24200986175697e-09,9.72963473107216e-09,-0.0472075566700677,0.0573204888657765,-5.55329727261554e-08
29.75,-7.81837614654114e-09,5.93219812692181e-09,-0.0442377373902179,0.0614462164234693,-5.20390675968498e-08
29.8,-7.53326660348688e-09,6.35310534457839e-09,-0.0410655890509177,0.065411574396013,-4.83075996214128e-08
29.85,-7.11073401268154e-09,1.04201025434135e-08,-0.0376995277851749,0.0691997716846401,-4.43484087527763e-08
29.9,-6.41814265826894e-09,1.69831660119143e-08,-0.0341488328418199,0.0727942397331505,-4.01722894300483e-08
29.95,-5.48490181072104e-09,1.86745551116694e-08,-0.0304236310399628,0.0761768929108886,-3.57903785139498e-08
30,-4.50513614918627e-09,1.77511150469503e-08,-0.0265348833326019,0.0793332042918217,-3.12158073704132e-08
30.05,-3.84430790730573e-09,1.05782912502486e-08,-0.0224943595856409,0.0822472825640343,-2.64620386678328e-08
30.1,-3.5302905574896e-09,4.07194004449201e-09,-0.0183144234953369,0.084907362778737,-2.15443443736593e-08
30.15,-3.45887957109977e-09,8.81778290385217e-09,-0.0140080804398949,0.0873035947740945,-1.64791376550265e-08
30.2,-3.16368911294603e-09,1.74528068097665e-08,-0.00958887755455412,0.0894211046215955,-1.12815793113765e-08
30.25,-1.75193698593055e-09,3.05315457684914e-08,-0.00507084115719861,0.0912484096982667,-5.96822738713273e-09
30.3,2.89350082970923e-10,3.35435399216074e-08,-0.000468968036275056,0.0927699877725178,-5.55195472522096e-10
30.35,1.56445968168347e-09,1.34720404707622e-08,0.00420092713110953,0.093971631283937,4.94028347135205e-09
30.4,1.84101837292652e-09,8.66766525750208e-10,0.00892290157141888,0.0948541634715082,1.0496239089098e-08
30.45,1.82721007773789e-09,2.94215687464434e-09,0.0136809101332159,0.0954120656915262,1.60930373500228e-08
30.5,2.21251212200282e-09,1.36285407950933e-08,0.0184585313703082,0.0956366218462534,2.17120001352046e-08
30.55,3.19218044283673e-09,2.34526061901532e-08,0.0232388748629625,0.0955190879610124,2.7334255993135e-08
30.6,4.44019734717054e-09,2.61807936584486e-08,0.028004630096865,0.0950528648089235,3.29400982163758e-08
30.65,5.64290853623068e-09,2.01167266144575e-08,0.0327382763899425,0.0942339872107298,3.85090951916367e-08
30.7,6.49838827135174e-09,1.32390822493822e-08,0.0374221754622825,0.0930628317639306,4.4019658374264e-08
30.75,7.08806838520305e-09,1.03985631658288e-08,0.0420387181760619,0.0915400471876255,4.94505628159628e-08
30.8,7.61175735022165e-09,1.279521441225e-08,0.0465703247134918,0.0896663951812987,5.47810024025676e-08
30.85,8.29587930673405e-09,1.64718750450238e-08,0.0509994894903645,0.0874422831764884,5.99908012979939e-08
30.9,9.18389946030697e-09,1.84262936418911e-08,0.0553087333203422,0.0848696970983671,6.50597141853445e-08
30.95,1.01304139584093e-08,1.70139747650071e-08,0.0594807221700662,0.0819523604505043,6.99675235508455e-08
31,1.09639425909211e-08,1.38159646569773e-08,0.0634983661689011,0.078696349093659,7.46939595107199e-08
31.05,1.15736504505916e-08,1.08434822082849e-08,0.0673448632035753,0.0751091886168131,7.92190453916431e-08
31.1,1.20233696533196e-08,1.00566227531565e-08,0.0710038818056054,0.0711997191283082,8.35233635390241e-08
31.15,1.24748385455595e-08,1.18813690748598e-08,0.0744595846314981,0.0669776007266419,8.75882390677859e-08
31.2,1.3046909548888e-08,1.39014305698782e-08,0.077696568173038,0.0624528538859378,9.1395806665544e-08
31.25,1.38612100852347e-08,1.45480055483048e-08,0.0807000166942156,0.0576370244331735,9.49288032132617e-08
31.3,1.46073245841093e-08,1.08417225068639e-08,0.0834556568511057,0.052542393828824,9.81707521330671e-08
31.35,1.52088497045554e-08,4.1342007155145e-09,0.085949967797923,0.0471838540192302,1.0110560606784e-07
31.4,1.5373703559846e-08,7.53644465096786e-10,0.0881700493177887,0.0415790439077603,1.03717523790046e-07
31.45,1.52110124365558e-08,3.21207691968061e-09,0.0901039885267821,0.0357455153113375,1.05992227277816e-07
31.5,1.54246939663758e-08,9.8985207050554e-09,0.0917409535566228,0.02970062632458,1.07917144219429e-07
31.55,1.59356439137337e-08,1.3046293128817e-08,0.0930707381473401,0.0234607085980017,1.09481086305935e-07
31.6,1.65751442198763e-08,7.65820433097539e-09,0.0940840708566753,0.0170439328309347,1.10673673313862e-07
31.65,1.68224827093448e-08,-5.28604103305812e-11,0.0947726064483975,0.0104729136093604,1.11484434344265e-07
31.7,1.67234759933074e-08,-4.48700484327021e-09,0.0951292139814126,0.00377097879107378,1.11904391453216e-07
31.75,1.6454921895782e-08,-3.35007910546381e-09,0.0951479004204448,-0.00303882648425767,1.11926253287781e-07
31.8,1.63179289321098e-08,-4.22369922977555e-10,0.0948238638166011,-0.00993471453929964,1.11544769133982e-07
31.85,1.63313532745198e-08,1.00225303686615e-09,0.0941533554721389,-0.016894119592377,1.10755876044736e-07
31.9,1.63982991624218e-08,-9.25157739100281e-10,0.0931337935982996,-0.0238934954988492,1.09556731627538e-07
31.95,1.63133941827614e-08,-4.80072132432403e-09,0.0917637922562918,-0.0309078127111371,1.07945557751076e-07
32,1.59922879416288e-08,-8.45396208616672e-09,0.0900432200853213,-0.0379113488790488,1.05921971381645e-07
32.05,1.54528892606361e-08,-1.00756205516733e-08,0.0879732482816681,-0.0448782159111725,1.03487159759421e-07
32.1,1.4908214741292e-08,-8.75734146434926e-09,0.0855563971642235,-0.0517826039852485,1.00643991993937e-07
32.15,1.44321915840755e-08,-7.21571409622515e-09,0.0827964029729076,-0.0585996904011047,9.73971491632358e-08
32.2,1.41513513603045e-08,-7.2422095069669e-09,0.0796983010410887,-0.0653043034041686,9.37527431186241e-08
32.25,1.37963482541755e-08,-1.08749240550185e-08,0.0762683025263444,-0.071871490961971,8.97182948406485e-08
32.3,1.32923358064389e-08,-1.68430969243689e-08,0.0725139571624926,-0.0782753392683561,8.53025515663544e-08
32.35,1.24096894173556e-08,-2.00429865840219e-08,0.0684440251856391,-0.0844888534443411,8.0515280951172e-08
32.4,1.12329130636055e-08,-1.83177209654036e-08,0.0640686282187627,-0.0904863287774749,7.53681623475087e-08
32.45,1.0350235817821e-08,-1.28376176940706e-08,0.0593992998985886,-0.0962435107344895,6.98748863993575e-08
32.5,9.70931709462996e-09,-9.94253875231111e-09,0.0544485849229882,-0.101738297364474,6.40508773517752e-08
32.55,9.20655488844429e-09,-1.4430331085133e-08,0.0492302035653466,-0.106948667564262,5.79127799771364e-08
32.6,8.37848063388319e-09,-2.12859550331853e-08,0.0437589147232184,-0.111850208933161,5.14774277108842e-08
32.65,7.24127781515481e-09,-2.53380367152183e-08,0.0380507619080515,-0.116419133560115,4.47631486670477e-08
32.7,5.94224731952236e-09,-2.38896020702982e-08,0.0321229179258842,-0.12063326779415,3.7789859896174e-08
32.75,4.79067764253536e-09,-2.05135853604651e-08,0.0259936382370529,-0.124473410478493,3.05794121146058e-08
32.8,3.79181478366312e-09,-1.85718782964846e-08,0.0196820874336444,-0.127921305933141,2.31547032643769e-08
32.85,2.89153805630124e-09,-2.00386588777599e-08,0.0132083463084466,-0.130959369135555,1.55395629478668e-08
32.9,1.85607475105443e-09,-2.33399301122575e-08,0.00659330180174985,-0.133570124387465,7.75839551330551e-09
32.95,6.57003643259395e-10,-2.60433197481821e-08,-0.000141247534892631,-0.135737021387265,-1.63412700310069e-10
33,-7.2324145361904e-10,-2.63618201006726e-08,-0.00697275177760892,-0.137445074292669,-8.19952354321815e-09
33.05,-2.04321218166014e-09,-2.41192786806076e-08,-0.0138779209545541,-0.138681263851101,-1.63225587285625e-08
33.1,-3.26346392985118e-09,-2.16839500389758e-08,-0.0208328906120482,-0.139434869032265,-2.45041963087746e-08
33.15,-4.29110122140694e-09,-2.14075238655445e-08,-0.0278132247531732,-0.139696703072593,-3.27154437533602e-08
33.2,-5.33929916009003e-09,-2.37786340769638e-08,-0.0347941795562479,-0.139458706222135,-4.09271425703594e-08
33.25,-6.5098872332328e-09,-2.73258756965108e-08,-0.04175060297637,-0.138713872727621,-4.91098604144804e-08
33.3,-7.87632050779507e-09,-2.81621833911811e-08,-0.0486569846240251,-0.1374561102257,-5.7233997729266e-08
33.35,-9.34556818720332e-09,-2.51299861491468e-08,-0.0554876172594776,-0.135682028096102,-6.52694360330838e-08
33.4,-1.05496716208436e-08,-2.04746857067595e-08,-0.0622166254147833,-0.133391172701789,-7.31855006839248e-08
33.45,-1.15666235374427e-08,-1.80143840291373e-08,-0.0688182104998528,-0.130585480242483,-8.09514418989288e-08
33.5,-1.24476723206262e-08,-2.0490740547821e-08,-0.0752666498068022,-0.127268450502927,-8.85367124868692e-08
33.55,-1.35097515619186e-08,-2.41101000761182e-08,-0.0815365374848921,-0.123443474481436,-9.59118260297244e-08
33.6,-1.47114202703119e-08,-2.56016850539315e-08,-0.0876025955087057,-0.119116006972,-1.0304739142606e-07
33.65,-1.59622599144993e-08,-2.24721054834375e-08,-0.0934398797190026,-0.114293690502177,-1.09914328469307e-07
33.7,-1.70141425550107e-08,-1.78780763988252e-08,-0.0990239215034873,-0.108987930067281,-1.16483521508668e-07
33.75,-1.78712520637191e-08,-1.46954418830745e-08,-0.104330878083466,-0.10321200136883,-1.22726620654241e-07
33.8,-1.85842594264931e-08,-1.52250238447201e-08,-0.109337549711303,-0.0969809129925337,-1.28616092975465e-07
33.85,-1.93531297401596e-08,-1.73152916033269e-08,-0.114021605647725,-0.0903101504355036,-1.34125896534562e-07
33.9,-2.01982280579182e-08,-1.84341526142207e-08,-0.118361500945148,-0.0832169127714769,-1.3923095381464e-07
33.95,-2.10812012133077e-08,-1.61825162107987e-08,-0.122336561565917,-0.0757202466860236,-1.43907197778972e-07
34,-2.18395229053189e-08,-1.17520463800497e-08,-0.125927168229335,-0.0678420745574251,-1.4813142410212e-07
34.05,-2.23770574857342e-08,-7.79124039371728e-09,-0.129114853665101,-0.0596064836735083,-1.5188163023346e-07
34.1,-2.27519881035298e-08,-6.66165992200241e-09,-0.131882330452057,-0.0510391269821462,-1.55137231730186e-07
34.15,-2.30543357309948e-08,-8.46739754221521e-09,-0.134213649653564,-0.0421664515028134,-1.57879456325022e-07
34.2,-2.34732067301578e-08,-9.5965485448484e-09,-0.136094287294552,-0.0330151723625167,-1.60091599207222e-07
34.25,-2.3889509810942e-08,-8.3597627167699e-09,-0.137510988963715,-0.0236139900170395,-1.61758246591642e-07
34.3,-2.42336468449561e-08,-3.3675260825508e-09,-0.138452013346348,-0.0139929735014439,-1.62865733036162e-07
34.35,-2.43162850879282e-08,1.35279468644309e-09,-0.138907185192441,-0.00418505671235632,-1.63401665023757e-07
34.4,-2.42173891261344e-08,4.2876096661868e-09,-0.138867998578477,0.00577651033105724,-1.63355877378517e-07
34.45,-2.40161235066589e-08,3.04860164972432e-09,-0.138327574000052,0.0158571982534688,-1.62720026047953e-07
34.5,-2.3867961961775e-08,8.78273143396338e-10,-0.137280815388043,0.026023487682057,-1.61488457715553e-07
34.55,-2.38017964620062e-08,1.24098241669003e-09,-0.135724338899686,0.0362412026771869,-1.59657556575444e-07
34.6,-2.36301710082623e-08,5.34432064408566e-09,-0.133656423551991,0.0464747697239755,-1.57225425309471e-07
34.65,-2.32400190603249e-08,1.17351922148292e-08,-0.131077207946759,0.0566873015137733,-1.54192073976944e-07
34.7,-2.25734094359396e-08,1.53461230598668e-08,-0.127988702671867,0.0668403916030395,-1.50559334197359e-07
34.75,-2.18150186454691e-08,1.59769029327277e-08,-0.124394810678262,0.0768968212261607,-1.46331776074138e-07
34.8,-2.10864426258337e-08,1.22614121421014e-08,-0.120301273000858,0.0868188586020927,-1.41516009167243e-07
34.85,-2.04956627000272e-08,1.10594033136846e-08,-0.115715719993271,0.0965714612380575,-1.36121731536136e-07
34.9,-1.9911891983606e-08,1.36427408129219e-08,-0.110647558093092,0.106117878211759,-1.30160142214802e-07
34.95,-1.90497556294319e-08,2.03717323074365e-08,-0.105107983051697,0.115421208508277,-1.23644449102091e-07
35,-1.78528892488061e-08,2.66520498823269e-08,-0.0991101121160706,0.124443361044195,-1.16589598793623e-07
35.05,-1.63807005722715e-08,2.938328267043e-08,-0.0926689275080471,0.133147216936249,-1.09012889002759e-07
35.1,-1.49340508288458e-08,2.79412636283895e-08,-0.0858012830707919,0.141496856070018,-1.00934079799189e-07
35.15,-1.38578428805608e-08,1.81723322535721e-08,-0.0785258033076381,0.149455935990722,-9.23746425562253e-08
35.2,-1.31208127680752e-08,1.24494947973776e-08,-0.0708627189461605,0.156994406408727,-8.33596780462374e-08
35.25,-1.23291720196831e-08,2.44023957477056e-08,-0.0628338432756377,0.164083593281921,-7.39162809656979e-08
35.3,-1.0802584995786e-08,3.6881977607662e-08,-0.0544625133013646,0.170685932924068,-6.40700980086563e-08
35.35,-8.6766600211016e-09,4.09068881067053e-08,-0.0457738972197363,0.176767661102568,-5.38497898672014e-08
35.4,-6.66849037410351e-09,3.58139059687272e-08,-0.0367948566394587,0.182298974441868,-4.32868849942473e-08
35.45,-5.0889507129278e-09,2.82842674134381e-08,-0.0275535912055163,0.187253850771305,-3.24152590528493e-08
35.5,-3.83451755430051e-09,2.55704702827004e-08,-0.018079509740925,0.191608126578549,-2.1270270248556e-08
35.55,-2.5852674490126e-09,2.69206853106935e-08,-0.0084032249656022,0.195336811258311,-9.88785027272501e-09
35.6,-1.01162463075199e-09,3.51175390424224e-08,0.00144339492783524,0.198417765028876,1.69422021544017e-09
35.65,1.02077283413215e-09,4.49236054554422e-08,0.0114273779490154,0.200828294588259,1.34377064767448e-08
35.7,3.3669495467182e-09,4.36613457472875e-08,0.021514686869193,0.202545409214397,2.53039039943031e-08
35.75,5.55206813187212e-09,3.71357952079578e-08,0.0316702194263632,0.20355410282999,3.72509095552441e-08
35.8,6.96512455046314e-09,2.47433222780749e-08,0.0418580331156758,0.203839579895972,4.92365062479579e-08
35.85,7.92190594851899e-09,2.157529788306e-08,0.052041891172635,0.203394679884649,6.1216478631192e-08
35.9,9.17564040263498e-09,3.47870731349988e-08,0.0621851365716329,0.202212230501901,7.31469524054329e-08
35.95,1.12372585276147e-08,4.54365422839326e-08,0.0722505701217323,0.200279191237037,8.49861630620626e-08
36,1.36837514894696e-08,4.51412929396698e-08,0.0822004648113781,0.197588550774855,9.66906134657704e-08
36.05,1.5831816780718e-08,3.67567447476275e-08,0.0919968605592354,0.194139636534946,1.08215349185634e-07
36.1,1.73748489346256e-08,2.73670788759239e-08,0.101601860161625,0.189935962755732,1.19515044548853e-07
36.15,1.85833701841572e-08,2.47037605120255e-08,0.110977951014006,0.184984215021187,1.305447581539e-07
36.2,1.98126048642303e-08,2.71511248593815e-08,0.120087909399745,0.179290989382615,1.41260872501224e-07
36.25,2.13891116781638e-08,3.45554849718855e-08,0.128894866113669,0.172866257342091,1.51620033197766e-07
36.3,2.32657253750136e-08,3.76763207572901e-08,0.137362502854875,0.165720006007246,1.61580490567478e-07
36.35,2.52916378977795e-08,3.7004820103846e-08,0.145455211911248,0.157868273947068,1.71100306264099e-07
36.4,2.69047378182335e-08,2.78348425062675e-08,0.153137947363206,0.149328284488148,1.80138749976713e-07
36.45,2.77557470847938e-08,1.08256345194586e-08,0.160376838038121,0.1401218672287,1.88655908419631e-07
36.5,2.81201961093012e-08,8.33188567447858e-09,0.16713945419605,0.130280723093147,1.96611279804101e-07
36.55,2.87360675493388e-08,2.25604085568845e-08,0.173394744734372,0.119832888020698,2.03968105265414e-07
36.6,3.02336032673305e-08,3.24270483195094e-08,0.179112997571828,0.108801560724903,2.10693653168111e-07
36.65,3.19284790795272e-08,2.9272085838517e-08,0.184265713960722,0.0972163588361381,2.16755311110932e-07
36.7,3.31816369811463e-08,1.814710268811e-08,0.188826063900727,0.0851137765436104,2.22120986164381e-07
36.75,3.37132236219695e-08,6.44180041765801e-09,0.192769118305594,0.0725334283927579,2.26760575353634e-07
36.8,3.38817782540582e-08,1.19864432492808e-09,0.196072131329915,0.0595170496302683,2.30646580485949e-07
36.85,3.39971957120727e-08,2.37477626325928e-09,0.198714301751064,0.0461062029326313,2.33754536846444e-07
36.9,3.43548269407778e-08,1.2570642636856e-08,0.200676937389444,0.0323451953479529,2.36062182374428e-07
36.95,3.50782222656715e-08,1.56780582829084e-08,0.201943597059131,0.0182740080445602,2.37551872592621e-07
37,3.57638707967955e-08,8.11967737334977e-09,0.202499931573312,0.00393821374918411,2.38207104661606e-07
37.05,3.58102210724186e-08,-4.8449310879667e-09,0.202333846385353,-0.0106123361081859,2.38013097599476e-07
37.1,3.52973909102115e-08,-1.22171633740512e-08,0.201435965178288,-0.0253246949970767,2.3695766376593e-07
37.15,3.46512242127079e-08,-1.14405883760921e-08,0.199799516006233,-0.0401474856464543,2.35032567934283e-07
37.2,3.42345626717291e-08,-6.00519454693513e-09,0.19742022028513,-0.0550303060664322,2.32233144480636e-07
37.25,3.40185859897126e-08,-4.52116815719137e-09,0.194296310237877,-0.0699237566199185,2.28558220391898e-07
37.3,3.37084045994229e-08,-8.75369607652601e-09,0.19042854569742,-0.0847756495629953,2.24008875327095e-07
37.35,3.30550700597013e-08,-1.73693287802348e-08,0.185820328396317,-0.0995323251094931,2.18588970480144e-07
37.4,3.20257581140285e-08,-2.39191292832662e-08,0.180477827873097,-0.114138281393935,2.12305084352485e-07
37.45,3.07992469148711e-08,-2.78260560680361e-08,0.17440995031729,-0.128539729811493,2.05167632864128e-07
37.5,2.94819882209857e-08,-2.46051358161219e-08,0.167628230448077,-0.142681575519221,1.971897125392e-07
37.55,2.82781660042168e-08,-1.96317203683656e-08,0.160146936934558,-0.156512210920216,1.88388674047838e-07
37.6,2.7271352927896e-08,-2.18462438200487e-08,0.151982976937881,-0.169981549186584,1.78785347147848e-07
37.65,2.60018643579953e-08,-2.91776555986189e-08,0.143155689518977,-0.183036383590562,1.68402263031079e-07
37.7,2.42997252530489e-08,-3.81867574709738e-08,0.13368712246351,-0.195623751642958,1.57264995220204e-07
37.75,2.22798226537448e-08,-4.28193539036284e-08,0.123601990258063,-0.207690709882969,1.45401978865343e-07
37.8,2.01863365600791e-08,-4.27713880585751e-08,0.112927590421985,-0.219186945097441,1.32845293009891e-07
37.85,1.82363079641649e-08,-3.46758414625086e-08,0.101693683916078,-0.23006227432788,1.19629592061247e-07
37.9,1.65705915825303e-08,-3.08045677851071e-08,0.0899324187177501,-0.240272963285802,1.05793984832361e-07
37.95,1.49866980484117e-08,-3.70121394538712e-08,0.077678191939073,-0.249774653380499,9.13795502581588e-08
38,1.28539889346472e-08,-4.77259793712948e-08,0.0649675596867881,-0.258520823247574,7.64287039179968e-08
38.05,1.01700270504527e-08,-5.51194448046637e-08,0.0518394376723582,-0.26646606977634,6.09863997695198e-08
38.1,7.15343717354681e-09,-5.87609082853365e-08,0.0383348769451366,-0.273569401079055,4.51008821978616e-08
38.15,4.28907879084129e-09,-5.4564686803266e-08,0.0244971127494458,-0.279790528832786,2.88225802336696e-08
38.2,2.20360739940267e-09,-3.54961374503602e-08,0.0103712768755016,-0.285090605164122,1.22038434141293e-08
38.25,8.03474215714491e-10,-2.33860711634216e-08,-0.00399604525800368,-0.28944286343669,-4.69822979181286e-09
38.3,-7.63407499235608e-10,-4.47485414426856e-08,-0.01855684762219,-0.292824836809882,-2.18243767450765e-08
38.35,-3.57474799239676e-09,-6.5150282162637e-08,-0.0332616788029693,-0.295197318088047,-3.91200511266519e-08
38.4,-7.09928209481854e-09,-6.9574719093893e-08,-0.0480592798156068,-0.29653041317654,-5.65265361034732e-08
38.45,-1.04079065478581e-08,-6.03570521676758e-08,-0.0628970802039771,-0.296803101639352,-7.3981745303894e-08
38.5,-1.30423964941522e-08,-4.68499388119064e-08,-0.0777216521162232,-0.296000205414411,-9.1421844967706e-08
38.55,-1.52191043871826e-08,-4.05447631829727e-08,-0.0924790008804805,-0.294111067767573,-1.08782109397194e-07
38.6,-1.72905866348611e-08,-4.4240879429243e-08,-0.107114503877702,-0.291126126974018,-1.25997989321091e-07
38.65,-1.96505077011729e-08,-5.1304884999363e-08,-0.121573187716948,-0.287036912918266,-1.43005515930102e-07
38.7,-2.23142404582505e-08,-5.51946530587471e-08,-0.135799704383802,-0.281839136928165,-1.59740270122275e-07
38.75,-2.50845882344922e-08,-5.32244600006069e-08,-0.149738642533791,-0.275534068687439,-1.76137352293258e-07
38.8,-2.76699169040369e-08,-4.82606525910176e-08,-0.16333481650916,-0.268129205964211,-1.9213154379605e-07
38.85,-2.99350410848199e-08,-4.31396751511478e-08,-0.176533446523826,-0.259636530572303,-2.07658106573261e-07
38.9,-3.19853993473137e-08,-4.08625651314529e-08,-0.18928058825173,-0.250072680883296,-2.22653268020717e-07
38.95,-3.39585561999793e-08,-4.02208939369164e-08,-0.20152321478518,-0.23945751798011,-2.37054777902186e-07
39,-3.60309265934941e-08,-4.21444906220347e-08,-0.213209267320359,-0.227816117539781,-2.50801299679531e-07
39.05,-3.8221045900659e-08,-4.36130727849741e-08,-0.224288151643522,-0.215176769608516,-2.63833635535291e-07
39.1,-4.06132266672667e-08,-4.32703598113921e-08,-0.234710994817883,-0.201572741218038,-2.7609443726472e-07
39.15,-4.31595945560402e-08,-4.31892178248218e-08,-0.244430466645272,-0.187042704581161,-2.87527810418953e-07
39.2,-4.47811061069368e-08,-2.78032325148004e-08,-0.253400666975562,-0.171623743696963,-2.98081399842556e-07
39.25,-4.51855393425314e-08,-2.5770294231407e-09,-0.261578471248701,-0.155363621069809,-3.07703901243256e-07
39.3,-4.49554064817234e-08,4.02147681896507e-09,-0.268923587138471,-0.138321406205995,-3.16344920184163e-07
39.35,-4.54776796722706e-08,-2.79826938108403e-08,-0.275398470821245,-0.120557219316447,-3.23958189533354e-07
39.4,-4.74755873284516e-08,-4.59211638984577e-08,-0.280967921520624,-0.102110955490271,-3.30507846315909e-07
39.45,-4.97416015197013e-08,-3.96164836098672e-08,-0.285599161094208,-0.0830390457477915,-3.35956403912328e-07
39.5,-5.11899074220249e-08,-1.77967039880005e-08,-0.289262489592014,-0.0634068090382049,-3.402680063066e-07
39.55,-5.15652731865889e-08,2.16443132628712e-09,-0.291931684669308,-0.0432848981123427,-3.4340997809008e-07
39.6,-5.12176527567329e-08,9.10966072546707e-09,-0.293584010101045,-0.0227442773849212,-3.45354399178017e-07
39.65,-5.08050997902782e-08,4.84030594636149e-09,-0.294200265387236,-0.00185369390387768,-3.46078872975536e-07
39.7,-5.07152692727946e-08,-1.4230836365987e-09,-0.293764664117888,0.0193188278144281,-3.45565800106486e-07
39.75,-5.08742490028385e-08,-2.54159645541559e-09,-0.292264853591341,0.0407032527978923,-3.43801401233076e-07
39.8,-5.09058500359177e-08,2.33674666771241e-09,-0.289692044528319,0.0622264382997745,-3.40775426906676e-07
39.85,-5.05238406508055e-08,1.3183948456722e-08,-0.286041133796028,0.083813992901832,-3.36481871180894e-07
39.9,-4.96411795511691e-08,2.2253394304807e-08,-0.281310864857585,0.105388473548547,-3.30918440376864e-07
39.95,-4.84585643433555e-08,2.75173765948468e-08,-0.275503820681637,0.126873756534146,-3.24087959455041e-07
40,-4.71017134325653e-08,2.53177698910465e-08,-0.268626296368554,0.148192858923953,-3.15997448438471e-07
40.05,-4.58421974913545e-08,2.2431188476173e-08,-0.26068847894071,0.169272225515602,-3.06659604135253e-07
40.1,-4.46608280997609e-08,2.52090870408713e-08,-0.251704252457903,0.190038294859658,-2.96091427550581e-07
40.15,-4.3202108205408e-08,3.35233479533727e-08,-0.241691124259204,0.210415590980169,-2.84313499709352e-07
40.2,-4.13123021739829e-08,4.22095961359034e-08,-0.230670448822901,0.230327538936953,-2.71350396943923e-07
40.25,-3.91059586185376e-08,4.8060271321546e-08,-0.21866740661617,0.249698756738334,-2.57231402250022e-07
40.3,-3.67053814534026e-08,4.80455233435238e-08,-0.205710870970684,0.26845442842717,-2.41990161382275e-07
40.35,-3.42981632994363e-08,4.48618791651409e-08,-0.191833403293562,0.286522546048931,-2.25665261388434e-07
40.4,-3.20263755354239e-08,4.60638157180698e-08,-0.177071184260819,0.303833718480369,-2.083000582411e-07
40.45,-2.95839233393773e-08,5.16663189966923e-08,-0.161463813937023,0.320317115146433,-1.89941136499561e-07
40.5,-2.68152020043383e-08,5.98197827809182e-08,-0.145054441602596,0.335902652138164,-1.70639059487846e-07
40.55,-2.37219313398234e-08,6.52401734532078e-08,-0.127889687800881,0.350520710806067,-1.50448112322477e-07
40.6,-2.04663044168172e-08,6.67491465074542e-08,-0.110019629584124,0.364104423703294,-1.29427078385805e-07
40.65,-1.71648882781261e-08,6.28364262113648e-08,-0.0914975891745495,0.376588740061496,-1.07638523524491e-07
40.7,-1.4036394558741e-08,6.13083255431072e-08,-0.0723800546418102,0.387913882453943,-8.51497185428221e-08
40.75,-1.09146571192418e-08,6.40766863181004e-08,-0.0527264790971894,0.398020488101473,-6.20308015560275e-08
40.8,-7.53589073001868e-09,7.10839933046261e-08,-0.0325992635781251,0.406851141733343,-3.8355171095637e-08
40.85,-3.8410496134522e-09,7.63333460555831e-08,-0.012063584174054,0.414349687895787,-1.41988647838956e-08
40.9,1.51987667394458e-11,7.92859542866649e-08,0.00881268624290789,0.420465029000803,1.03583328005412e-08
40.95,3.85482416549483e-09,7.56036885481078e-08,0.0299590476763398,0.425148279890423,3.52339466953493e-08
41,7.5143681599956e-09,6.78082335582293e-08,0.0513028884542305,0.428357116200169,6.03422956918962e-08
41.05,1.0870884555391e-08,6.75696193050321e-08,0.0727696102185333,0.430056702143079,8.55943984267136e-08
41.1,1.43194325905728e-08,7.24573256537929e-08,0.0942828462975855,0.430212420315858,1.10900677921675e-07
41.15,1.81857723130572e-08,8.01848896694719e-08,0.115764628916204,0.428794993793536,1.36169658596496e-07
41.2,2.22903773454937e-08,8.11807487979356e-08,0.13713568404009,0.42577858876342,1.61309095251924e-07
41.25,2.62830481637982e-08,7.62866363926653e-08,0.158315606955988,0.421146658849992,1.86224316310881e-07
41.3,2.98779115583266e-08,6.90314609270841e-08,0.179223263507175,0.414889902354872,2.10819509217897e-07
41.35,3.32071010595592e-08,6.62681504345109e-08,0.199777451992514,0.407006963926192,2.34998432007353e-07
41.4,3.65199149863327e-08,6.75215341080659e-08,0.219896919533652,0.397501084770617,2.58665554019669e-07
41.45,4.00011483639584e-08,7.08187067386803e-08,0.239500672324046,0.386382209280366,2.81725807033345e-07
41.5,4.35678343163622e-08,7.05342470328222e-08,0.258508511781641,0.373666529668804,3.04085442817662e-07
41.55,4.70194841587449e-08,6.68107084447068e-08,0.276841189350168,0.359379513146659,3.25651223434799e-07
41.6,5.01718560122006e-08,5.95485480115917e-08,0.294420815448153,0.343554008108179,3.46331535046001e-07
41.65,5.29942095493267e-08,5.41433308237789e-08,0.31117158880234,0.326232098334036,3.6603664183562e-07
41.7,5.56182809581916e-08,5.20332405535331e-08,0.32701991218912,0.307461914920295,3.8467981732699e-07
41.75,5.82437997355018e-08,5.26248984556365e-08,0.341894578942568,0.287298025323118,4.02177361026894e-07
41.8,6.08890979781481e-08,5.21306854011344e-08,0.355727437904747,0.265800691087252,4.18449503038142e-07
41.85,6.34730234083027e-08,4.95840608218555e-08,0.368453641129195,0.243037521306191,4.33420062144889e-07
41.9,6.57698836344129e-08,4.30078323869735e-08,0.380011486829603,0.219081979968802,4.470166644749e-07
41.95,6.75586289407595e-08,3.00707419300625e-08,0.390343213986805,0.194012805071451,4.59171609098511e-07
42,6.88370769069886e-08,2.10150156853228e-08,0.39939548991438,0.16791774714201,4.69821080547585e-07
42.05,6.9476682315662e-08,2.064766937795e-08,0.407119298809054,0.140887424263196,4.78906913681999e-07
42.1,7.03111370314791e-08,2.5302427662337e-08,0.413470128767578,0.113013875568917,4.86377133535707e-07
42.15,7.21644557672757e-08,3.56741656644618e-08,0.418408271544017,0.0843937807945286,4.92184956712552e-07
42.2,7.43323732299892e-08,3.1994406685385e-08,0.421898660856323,0.0551197112250246,4.9629121472237e-07
42.25,7.52398791270191e-08,1.32057750343026e-09,0.423910969578332,0.0252887940210583,4.98661595278524e-07
42.3,7.47033969036432e-08,-1.80293990822014e-08,0.424420196250901,-0.00498358488237602,4.99262654125422e-07
42.35,7.3649928169383e-08,-2.00187886999173e-08,0.423406998247015,-0.0355911578655193,4.98071002282728e-07
42.4,7.28439071464839e-08,-1.18506892112615e-08,0.420857199697263,-0.0664311068721411,4.95070722512373e-07
42.45,7.24343513106072e-08,-5.77086387400239e-09,0.416761706364825,-0.0974019601434572,4.90252406179175e-07
42.5,7.2089528586293e-08,-9.13816433201815e-09,0.411116535944764,-0.128400661144672,4.83612143499795e-07
42.55,7.1376296848581e-08,-2.13216611845369e-08,0.403922931083767,-0.159321855055752,4.75151329819556e-07
42.6,7.0019192117237e-08,-3.39801835112981e-08,0.39518745260812,-0.190058225674593,4.64876804709987e-07
42.65,6.80643334736116e-08,-4.19816594917423e-08,0.384921955027197,-0.220504025919919,4.52801972748922e-07
42.7,6.58434655805678e-08,-4.51923730107794e-08,0.373143595569262,-0.250555952419567,4.38947002523898e-07
42.75,6.35543308905112e-08,-4.60490293181005e-08,0.359874614971605,-0.280112281497916,4.2333831315298e-07
42.8,6.12444102920412e-08,-4.80133535010151e-08,0.34514230808829,-0.309072512601721,4.06008377008586e-07
42.85,5.87374500795738e-08,-5.27772338576006e-08,0.328978974177426,-0.337336580246729,3.86995366994051e-07
42.9,5.58974932409782e-08,-6.06722892681985e-08,0.311421918161277,-0.364804606725944,3.6634320114549e-07
42.95,5.26413206747686e-08,-6.96029474996223e-08,0.292513438670107,-0.391376820005246,3.44101416241045e-07
43,4.90197842082969e-08,-7.44121788386535e-08,0.272300824938452,-0.416953414155711,3.20325097373824e-07
43.05,4.52426379722959e-08,-7.63438254692919e-08,0.250836305736471,-0.441437138704914,2.95075814079023e-07
43.1,4.1440521165814e-08,-7.62206113223873e-08,0.228176946311328,-0.464731398001425,2.68420780878212e-07
43.15,3.75781171909009e-08,-7.93316048997535e-08,0.204384558926879,-0.486742097414041,2.40433266599635e-07
43.2,3.35105566568474e-08,-8.45566391339939e-08,0.17952570659866,-0.507373862470641,2.11191453782723e-07
43.25,2.90566071110467e-08,-9.26894374906114e-08,0.153671709096059,-0.526532850055033,1.80779322003507e-07
43.3,2.42427444317311e-08,-9.85625635212127e-08,0.126898551744419,-0.544124899574813,1.49285711504145e-07
43.35,1.92289547819282e-08,-9.88523494409946e-08,0.0992868317599551,-0.560058092519168,1.16805081773376e-07
43.4,1.43196070843258e-08,-9.70013323956215e-08,0.0709218089373939,-0.574244338408774,8.34380894099368e-08
43.45,9.58035877566301e-09,-9.59671822094495e-08,0.041892986173664,-0.586598194058338,4.92903312792481e-08
43.5,4.7437074431985e-09,-1.00630935377632e-07,0.0122939265617797,-0.597038089772525,1.4472382895013e-08
43.55,-3.72860975656682e-10,-1.06687844222848e-07,-0.0177775751323079,-0.605482964073223,-2.09011694459765e-08
43.6,-5.92063734735916e-09,-1.11501500543407e-07,-0.0482198397982554,-0.611856883049745,-5.67109945087738e-08
43.65,-1.15624678729798e-08,-1.10271963819821e-07,-0.0789275697010649,-0.616088744945839,-9.28337321182574e-08
43.7,-1.70959228747656e-08,-1.05990822720797e-07,-0.109792089837891,-0.61811596530704,-1.29141228999621e-07
43.75,-2.22533808480803e-08,-1.02483220605494e-07,-0.140701537231402,-0.617883207550727,-1.6550149399165e-07
43.8,-2.72686944063086e-08,-1.03487318603455e-07,-0.171541838265401,-0.615343601313785,-2.01779944636602e-07
43.85,-3.23994616810767e-08,-1.08546605390823e-07,-0.202196763850323,-0.610457847957173,-2.37839904534025e-07
43.9,-3.78628550231815e-08,-1.11837288888348e-07,-0.232548002239499,-0.603194566578294,-2.73542812450212e-07
43.95,-4.36187576812522e-08,-1.09964623890462e-07,-0.262476217577949,-0.593534228080195,-3.08748646724134e-07
44,-4.90140581006566e-08,-1.01334459664616e-07,-0.291861375453607,-0.581469429985038,-3.43316374389003e-07
44.05,-5.3957246699169e-08,-9.35472338413443e-08,-0.320583313932434,-0.567007825920238,-3.77103844456306e-07
44.1,-5.84675530535094e-08,-9.19181950064258e-08,-0.348522507127681,-0.550169155786043,-4.09969894729239e-07
44.15,-6.30497460785725e-08,-9.41941240599854e-08,-0.375561032232233,-0.530983977690518,-4.4177604558514e-07
44.2,-6.77495458220416e-08,-9.49517289761097e-08,-0.401582499309762,-0.509495035370657,-4.72385954320048e-07
44.25,-7.24784039303337e-08,-9.07618720353957e-08,-0.426473057473858,-0.485758974052545,-5.01666055059794e-07
44.3,-7.68752413138551e-08,-8.29901513651368e-08,-0.450122162823814,-0.459847055110018,-5.2948616726322e-07
44.35,-8.0845978903805e-08,-7.49771943142516e-08,-0.472422973085715,-0.431843893899018,-5.55720256813487e-07
44.4,-8.43788863421569e-08,-6.91523936109364e-08,-0.493273245587173,-0.401845732668834,-5.80247796206072e-07
44.45,-8.77030590075711e-08,-6.59851291474719e-08,-0.512576048549117,-0.369959438117591,-6.0295471168305e-07
44.5,-9.08919088147224e-08,-6.30396670598981e-08,-0.530239714553867,-0.336301330246106,-6.23733427996834e-07
44.55,-9.40033979368724e-08,-5.86182277444736e-08,-0.546178706396733,-0.300996874271788,-6.42483503397693e-07
44.6,-9.68244737910092e-08,-5.04940353026392e-08,-0.56031417057621,-0.264179149973915,-6.59112414109689e-07
44.65,-9.93390613361851e-08,-4.09036822935096e-08,-0.572574038068877,-0.225989445521134,-6.73535147275975e-07
44.7,-1.01126005255854e-07,-3.05260895334089e-08,-0.582892921967649,-0.186574050683925,-6.85674714446534e-07
44.75,-1.02221896455828e-07,-2.24408690534264e-08,-0.59121329695734,-0.146083222637229,-6.95463122298379e-07
44.8,-1.03180672036584e-07,-2.23965175219769e-08,-0.597485585838589,-0.104670935847039,-7.02841446181153e-07
44.85,-1.04101329432246e-07,-2.3671515035867e-08,-0.60166744090434,-0.0624886490501671,-7.07760578609101e-07
44.9,-1.05202999115325e-07,-1.58509592594144e-08,-0.603724099208588,-0.0196868320639799,-7.10180723165962e-07
44.95,-1.05846952689648e-07,2.63705738717461e-10,-0.603628382422472,0.0235816534640332,-7.10069824628456e-07
45,-1.05488277896999e-07,1.62110450102785e-08,-0.601360787242121,0.0671630460696439,-7.07404049732013e-07
45.05,-1.04429867923377e-07,2.37394854701649e-08,-0.596909420162632,0.110905862275682,-7.02168538986955e-07
45.1,-1.0313395199319e-07,2.52451279641183e-08,-0.59026989016644,0.154665128914439,-6.94358379344506e-07
45.15,-1.01795398583624e-07,2.73122147988599e-08,-0.581444940026278,0.198300470158074,-6.83977490420854e-07
45.2,-1.00327698243192e-07,3.38929436889485e-08,-0.570444208476961,0.241674034665909,-6.71037626697043e-07
45.25,-9.84344386962939e-08,4.39444461521137e-08,-0.557284190191207,0.284649997520092,-6.55558081656439e-07
45.3,-9.59789469317337e-08,5.51609923756426e-08,-0.541988091446338,0.32709528030581,-6.37565910929548e-07
45.35,-9.29052084228501e-08,6.50767865998421e-08,-0.524585664714393,0.368879671675909,-6.17095853819521e-07
45.4,-8.94552951979581e-08,7.06731610080566e-08,-0.505113224616093,0.409875612021078,-5.94190310714469e-07
45.45,-8.57798439266302e-08,7.45764678579037e-08,-0.483613290024333,0.449959266589905,-5.68899574599558e-07
45.5,-8.20148898883447e-08,7.8363615048871e-08,-0.460134558111368,0.489007793322194,-5.41281095729636e-07
45.55,-7.7969906321215e-08,8.61211676993425e-08,-0.434731795337248,0.526900340010503,-5.11399728099838e-07
45.6,-7.35273211238249e-08,9.58467287265688e-08,-0.407465875801366,0.56351434792997,-4.79326869290909e-07
45.65,-6.84573956958668e-08,1.05565160432973e-07,-0.378403741904427,0.598726586601228,-4.45141058114771e-07
45.7,-6.29033234316637e-08,1.11840931307688e-07,-0.347618616153834,0.632412538699225,-4.08928067147605e-07
45.75,-5.71542878397107e-08,1.12712148488932e-07,-0.315189936758228,0.66444706331032,-3.70781135864482e-07
45.8,-5.14048562330532e-08,1.13811642714342e-07,-0.281203419857768,0.694705202959908,-3.30801688275425e-07
45.85,-4.57689301188992e-08,1.18251700482407e-07,-0.245751166660056,0.723059262195741,-2.89098394010395e-07
45.9,-3.97162735782998e-08,1.28263434209225e-07,-0.208931481937642,0.749379582382071,-2.45787127405473e-07
45.95,-3.30985856748037e-08,1.37959099128671e-07,-0.170849385052833,0.773531766215973,-2.00990806651133e-07
46,-2.60229158226629e-08,1.41862139251233e-07,-0.131616707760406,0.795379908352295,-1.54840406890608e-07
46.05,-1.88864598421915e-08,1.41672372815644e-07,-0.0913520053534607,0.814789735706822,-1.07475567941282e-07
46.1,-1.1800958359429e-08,1.41169238064924e-07,-0.0501805672075424,0.831627432857258,-5.9044070108068e-08
46.15,-4.75164591572855e-09,1.43019238330433e-07,-0.00823436666671155,0.84576016560116,-9.70143911806048e-09
46.2,2.43078426791009e-09,1.466109126559e-07,0.0343482141778847,0.857056882618391,4.03896055682287e-08
46.25,9.84853289211362e-09,1.51159820956654e-07,0.0774220128757216,0.865390086629657,9.10583867208292e-08
46.3,1.75828041940753e-08,1.55579902300515e-07,0.120835767399762,0.870639001462697,1.421270837132e-07
46.35,2.54268526907173e-08,1.54897095836683e-07,0.164432572967568,0.872690191479412,1.93411647473978e-07
46.4,3.3290277854225e-08,1.51260443281065e-07,0.208050094096384,0.871442753029717,2.44720890678026e-07
46.45,4.07282025651006e-08,1.46322787406953e-07,0.251520573246711,0.866808106163288,2.95857300079854e-07
46.5,4.77677393595985e-08,1.43698457509495e-07,0.294672975758763,0.858714988082234,3.46619300932656e-07
46.55,5.49869550110715e-08,1.49029691782092e-07,0.337333321151422,0.847110269012443,3.96801639714202e-07
46.6,6.25119819193095e-08,1.52913098967293e-07,0.379324807528476,0.831955657224852,4.46197327985071e-07
46.65,7.01725875812715e-08,1.49299517738223e-07,0.420469437094282,0.813236252300106,4.94597617390488e-07
46.7,7.74789102554208e-08,1.40956847592064e-07,0.460589248031179,0.79096368427224,5.41792873631214e-07
46.75,8.43040270649714e-08,1.32331324499324e-07,0.499507228001655,0.765175030772591,5.87574402619192e-07
46.8,9.0724643460603e-08,1.26691010064788e-07,0.537049122715601,0.735932829688812,6.31736878695876e-07
46.85,9.69232321139102e-08,1.23097255697172e-07,0.573044481599847,0.703324246185576,6.74079893537444e-07
46.9,1.03037999024736e-07,1.20962156192952e-07,0.607327370775838,0.667462294638948,7.14408315044021e-07
46.95,1.09030663844341e-07,1.16776287930989e-07,0.639738619844938,0.628483477122122,7.52535274820264e-07
47,1.14724068714058e-07,1.08358315780461e-07,0.67012654010077,0.586548096205402,7.88282565632641e-07
47.05,1.19885786385032e-07,9.72912008957287e-08,0.69834740321313,0.541839271075177,8.21480948016793e-07
47.1,1.24384576955576e-07,8.50954595254758e-08,0.724267443109267,0.494557985207904,8.51972908044694e-07
47.15,1.28389864856843e-07,7.80966557382926e-08,0.747763780839029,0.444922724695024,8.79613232823592e-07
47.2,1.32047963080137e-07,7.34261769894553e-08,0.768724345101864,0.39316201548481,9.04270390857722e-07
47.25,1.35657057613506e-07,6.86466330501628e-08,0.78704856853651,0.339513740707974,9.25826337749849e-07
47.3,1.38996759622831e-07,5.90965515957669e-08,0.802648188263397,0.284219932452687,9.4417773746051e-07
47.35,1.41622579029572e-07,4.31379097169704e-08,0.815447215623133,0.22752681107724,9.59235374246329e-07
47.4,1.43411293502226e-07,2.90151599445384e-08,0.825381750492369,0.169682998687135,9.70923212109771e-07
47.45,1.44539749674553e-07,1.97163565635341e-08,0.832400338549295,0.110931364336794,9.79180408895175e-07
47.5,1.45315326365762e-07,1.33324495883145e-08,0.83646363037766,0.0515071614971891,9.83960877453817e-07
47.55,1.45830682329282e-07,6.30090293902896e-09,0.837543642612373,-0.00836302054525957,9.85232075012364e-07
47.6,1.45957695939907e-07,-3.60952796082469e-09,0.835623510698379,-0.0684625614654576,9.82974398094653e-07
47.65,1.45762403916606e-07,-1.06628712697393e-08,0.830697178018095,-0.128583616841271,9.7718011819604e-07
47.7,1.4484303145127e-07,-2.46372131712965e-08,0.822768312641013,-0.188534585915628,9.67854579642838e-07
47.75,1.42878912603079e-07,-4.81995964902756e-08,0.811849745780769,-0.24813358432121,9.55013157041806e-07
47.8,1.39943224865354e-07,-6.83053169253464e-08,0.797963462432559,-0.307205917572846,9.38680338778169e-07
47.85,1.36519851142727e-07,-6.43057242048908e-08,0.781140383261707,-0.365586339339472,9.18890324038577e-07
47.9,1.33435659391239e-07,-5.82769964759811e-08,0.761418640224558,-0.423132453298682,8.95690293012331e-07
47.95,1.30531258701883e-07,-6.49484626050081e-08,0.738843331271064,-0.479708293342251,8.69134846756085e-07
48,1.2693078149148e-07,-8.2233614318359e-08,0.713466264616465,-0.535179971912637,8.39284709469391e-07
48.05,1.22267864385684e-07,-1.02624034950179e-07,0.685345918929392,-0.589416943765104,8.06207881223752e-07
48.1,1.16735023452743e-07,-1.1714836179806e-07,0.654547269871624,-0.64229150014031,7.69979850717568e-07
48.15,1.10701345760057e-07,-1.24388101309518e-07,0.621141546327349,-0.693679727652794,7.30684257711501e-07
48.2,1.04457419968398e-07,-1.23780843299102e-07,0.585206154789815,-0.743456776386502,6.88412099039234e-07
48.25,9.81907426091819e-08,-1.27132767973002e-07,0.546824759769121,-0.791499079789036,6.4326303523927e-07
48.3,9.16032945638609e-08,-1.36702494138966e-07,0.506087328139689,-0.837675155058998,5.95343135373854e-07
48.35,8.44341688455109e-08,-1.50892831925112e-07,0.463090666925827,-0.881845233828619,5.44766108877404e-07
48.4,7.66405888146435e-08,-1.63100805825537e-07,0.417938763928665,-0.92385983805912,4.91653585177823e-07
48.45,6.83567355260407e-08,-1.70926936239364e-07,0.370743254744688,-0.9635609287093,4.36136632627158e-07
48.5,5.96821419218338e-08,-1.71824425903505e-07,0.321624018256858,-1.00077953797514,3.78356000942383e-07
48.55,5.10090712421803e-08,-1.72923760608136e-07,0.270709596992323,-1.03533881500516,3.18463650028512e-07
48.6,4.22283933835641e-08,-1.78014099516331e-07,0.218137578277723,-1.06704933170393,2.56621827736486e-07
48.65,3.31113460429016e-08,-1.87824390906537e-07,0.164055479644962,-1.09570958699774,1.93004140993926e-07
48.7,2.35262929337671e-08,-1.96865385838943e-07,0.108621024948947,-1.1211066648958,1.27795548137243e-07
48.75,1.3603103777919e-08,-2.02927429653169e-07,0.0520028308977351,-1.14302011322784,6.11941664362568e-08
48.8,3.39949656768227e-09,-2.02877205836526e-07,-0.00561916433128945,-1.16122358923487,-6.58866623107341e-09
48.85,-6.77003956874111e-09,-2.00840776322755e-07,-0.0640538856168203,-1.17549154181242,-7.53277469260096e-08
48.9,-1.6839453149804e-08,-2.00842946314938e-07,-0.123099057567362,-1.18559930504826,-1.44784708089164e-07
48.95,-2.69749008237535e-08,-2.05055395589206e-07,-0.182540878665006,-1.19132756698224,-2.14707818662118e-07
49,-3.73228758586944e-08,-2.10179761062883e-07,-0.242155240743583,-1.19246798329521,-2.8483379939521e-07
49.05,-4.78405298253052e-08,-2.12752448943184e-07,-0.301708141107709,-1.18882881337464,-3.54887749143468e-07
49.1,-5.83967859514979e-08,-2.09959835978026e-07,-0.360955736225819,-1.18024091666981,-4.24583122202676e-07
49.15,-6.88087282863228e-08,-2.02615729033275e-07,-0.419647259062003,-1.16656769257036,-4.93624846602692e-07
49.2,-7.88212177555642e-08,-1.96930545023301e-07,-0.477526098931335,-1.14770893247852,-5.61710408119585e-07
49.25,-8.86181603936424e-08,-1.94071628741772e-07,-0.534330888163664,-1.12360352147455,-6.28532227654799e-07
49.3,-9.82996942880937e-08,-1.94634684851008e-07,-0.58979860082869,-1.09423671646556,-6.93780835621363e-07
49.35,-1.07961373887799e-07,-1.92044091167329e-07,-0.643667277239111,-1.05964132448498,-7.57148771694904e-07
49.4,-1.17385023324912e-07,-1.85174023825531e-07,-0.695677189891477,-1.0199039378868,-8.18330627590491e-07
49.45,-1.26369128778308e-07,-1.73253367626259e-07,-0.745574205138768,-0.97516476715605,-8.77027537933898e-07
49.5,-1.34755099808824e-07,-1.61856766738105e-07,-0.793113365212675,-0.925618829659185,-9.32950763181136e-07
49.55,-1.42626125041727e-07,-1.52794591348322e-07,-0.838060185038986,-0.871510892891544,-9.85824279500844e-07
49.6,-1.5010229935617e-07,-1.46513256237835e-07,-0.880193262201154,-0.813132027729211,-1.03538759626107e-06
49.65,-1.57236371917846e-07,-1.38830361190532e-07,-0.919307520976061,-0.750812352648723,-1.08139991583216e-06
49.7,-1.63903198567823e-07,-1.28061287008847e-07,-0.955215014321636,-0.684918405626195,-1.12364032670039e-06
49.75,-1.69946494919086e-07,-1.13338052949001e-07,-0.987746411303141,-0.615844270459773,-1.16190973017295e-06
49.8,-1.75242280303422e-07,-9.78865147623312e-08,-1.01675314378635,-0.544002347145402,-1.19603302058464e-06
49.85,-1.79804418301982e-07,-8.41069138579768e-08,-1.04210758690019,-0.469816153202781,-1.22585981550595e-06
49.9,-1.83745868931363e-07,-7.31523408780444e-08,-1.06370295121759,-0.393711298711828,-1.25126437329114e-06
49.95,-1.87139722063311e-07,-6.37779899377238e-08,-1.08145361041648,-0.316104187345373,-1.2721460996691e-06
50,-1.90016031782614e-07,-5.0819024791055e-08,-1.09529488407736,-0.237397355339307,-1.28842945249165e-06
50.05,-1.92170857498387e-07,-3.5098115735567e-08,-1.10518148242421,-0.157975923719628,-1.30006106915348e-06
50.1,-1.93484578242312e-07,-1.76411488244777e-08,-1.11108660380164,-0.0781996811432231,-1.30700931389646e-06
50.15,-1.9398007790139e-07,-2.28613428876425e-09,-1.11300099017864,0.00159958029945674,-1.30926289209688e-06
50.2,-1.9377291617577e-07,1.12804722147722e-08,-1.11093128504784,0.0811220725573645,-1.30682965174447e-06
50.25,-1.92974692670482e-07,2.07481170003206e-08,-1.10489807589159,0.160099051635897,-1.29973356737906e-06
50.3,-1.91662607596944e-07,3.06798784007283e-08,-1.09493435882852,0.238296597652953,-1.28801393392711e-06
50.35,-1.89787763577607e-07,4.59763337646004e-08,-1.08108463540588,0.315512514496321,-1.27172361609711e-06
50.4,-1.87058294127678e-07,6.33201146368161e-08,-1.0634024481264,0.391570397236475,-1.25092524860755e-06
50.45,-1.83437843574713e-07,7.96039997705739e-08,-1.04194942858241,0.466319898771886,-1.22569100378868e-06
50.5,-1.7911797564498e-07,9.17002587436025e-08,-1.0167943331764,0.539634191478013,-1.19610143298222e-06
50.55,-1.74286155352197e-07,1.01161353930967e-07,-0.988011705742031,0.611406779244533,-1.16224438822765e-06
50.6,-1.69049663079615e-07,1.09596968637425e-07,-0.955680937924687,0.68154496433835,-1.1242134302442e-06
50.65,-1.63298277319305e-07,1.22134955654407e-07,-0.919885804241939,0.749968142506653,-1.08210764587688e-06
50.7,-1.56869357304185e-07,1.36628148203354e-07,-0.880713999284652,0.816599074088786,-1.03602996737464e-06
50.75,-1.49610568036747e-07,1.5203366983617e-07,-0.8382570298161,0.881361027861136,-9.86087927642551e-07
50.8,-1.41667795270016e-07,1.63325316826091e-07,-0.792610399257677,0.944172280821923,-9.32393341630895e-07
50.85,-1.33201691393718e-07,1.71310284886299e-07,-0.743873744036993,1.00494545308692,-8.75063500238539e-07
50.9,-1.24495811285761e-07,1.77521996820185e-07,-0.692151404704244,1.06358041007416,-8.14221304450819e-07
50.95,-1.1552076923924e-07,1.8550580016075e-07,-0.637553292597234,1.11996018380749,-7.49996420188007e-07
51,-1.06020706617925e-07,1.99161047053203e-07,-0.580195360192766,1.173948589556,-6.82525657049521e-07
51.05,-9.5812516769917e-08,2.13141530406753e-07,-0.520201028516519,1.22538216690874,-6.11953636778402e-07
51.1,-8.47298079762864e-08,2.24483318906217e-07,-0.457702766966749,1.27407107823853,-5.38435875851843e-07
51.15,-7.3252538956356e-08,2.28658006768884e-07,-0.392843278884812,1.31979627500859,-4.62139764593703e-07
51.2,-6.15627172703332e-08,2.29109146718845e-07,-0.325776551436011,1.362311087448,-3.83246806189837e-07
51.25,-5.00393323956162e-08,2.32922711252464e-07,-0.256670077591175,1.40133828038609,-3.01954774667983e-07
51.3,-3.84203090748231e-08,2.43192407206238e-07,-0.18570606079377,1.43657000471244,-2.18478328205749e-07
51.35,-2.60248225992433e-08,2.58500151944602e-07,-0.113082150075167,1.46766860366854,-1.33049819177317e-07
51.4,-1.29369214854877e-08,2.68357112854296e-07,-0.039014179916216,1.49426764280222,-4.59220371805256e-08
51.45,7.01494256023725e-10,2.67833909918049e-07,0.0362632546794533,1.51598414062838,4.26295742051964e-08
51.5,1.40618772443867e-08,2.62518526596115e-07,0.112496360538397,1.53242561623599,1.32305880626356e-07
51.55,2.71735255139885e-08,2.60343896964178e-07,0.189411396505751,1.54319532281053,2.2278403532266e-07
51.6,4.01919600412931e-08,2.65138579166541e-07,0.266714799376568,1.54790321550413,3.1371830625443e-07
51.65,5.35447955058502e-08,2.71557610359718e-07,0.344094427881103,1.54617489107673,4.04742073130605e-07
51.7,6.71762008045444e-08,2.74455419329686e-07,0.421219341985958,1.53766653042992,4.9546658100559e-07
51.75,8.09266248256048e-08,2.70903879420711e-07,0.497743006864672,1.5220832574158,5.85484496763096e-07
51.8,9.43460472901495e-08,2.6311943727706e-07,0.573305982962687,1.49919129112516,6.74372765366137e-07
51.85,1.07330864236727e-07,2.55174698608136e-07,0.647537819078534,1.46883053251913,7.61695182963249e-07
51.9,1.19859105870626e-07,2.49539199997115e-07,0.720063027445372,1.43092816036573,8.47009789782109e-07
51.95,1.32202446941589e-07,2.45585754220802e-07,0.790505208309801,1.38550550896251,9.29873879273133e-07
52,1.44332668366549e-07,2.39634169182274e-07,0.858490336752674,1.33268576453091,1.00984785991237e-06
52.05,1.5612516548154e-07,2.29691229304996e-07,0.923654083173635,1.27269839092092,1.08650336752225e-06
52.1,1.67308698955186e-07,2.16459458422908e-07,0.985646326466082,1.20587829004988,1.15942846807851e-06
52.15,1.77771249505842e-07,2.02095562000358e-07,1.04413531781851,1.13266072692283,1.22823268645166e-06
52.2,1.87506025790826e-07,1.8829445334568e-07,1.09881425998162,1.05356837632562,1.29255494755093e-06
52.25,1.96575602573665e-07,1.75004687692497e-07,1.14940426688716,0.969200439448298,1.35206719307048e-06
52.3,2.04994982870959e-07,1.61356178073963e-07,1.19565738904554,0.880215757558147,1.40647784270294e-06
52.35,2.12696707462239e-07,1.45956824077949e-07,1.23736034576015,0.787310934987632,1.45553615324811e-06
52.4,2.19582879291555e-07,1.28919248259603e-07,1.27433521035072,0.691206505740808,1.49903281128967e-06
52.45,2.25563622286948e-07,1.10400845885715e-07,1.3064398651942,0.592625336071627,1.53680062218068e-06
52.5,2.30613885024162e-07,9.19868692310355e-08,1.33356807129471,0.492270240932459,1.56871444626915e-06
52.55,2.34767881016425e-07,7.47202651807911e-08,1.35564835482635,0.390813701245979,1.59469009651843e-06
52.6,2.38089964081333e-07,5.81615448241301e-08,1.37264164616087,0.288881290237901,1.61468166018799e-06
52.65,2.40596353027319e-07,4.15756596364342e-08,1.38453811683921,0.187039309031684,1.62867765309408e-06
52.7,2.42235064952508e-07,2.33915617731622e-08,1.3913553052293,0.0857897374389301,1.63669887165135e-06
52.75,2.42944571484989e-07,4.6847310342426e-09,1.39313422809745,-0.0144330019392607,1.6387934521313e-06
52.8,2.42699322718362e-07,-1.3767415267309e-08,1.38993535577628,-0.113264288402382,1.63503244611607e-06
52.85,2.41575999191842e-07,-3.05264317537973e-08,1.38183588023423,-0.210408434660708,1.62550650585645e-06
52.9,2.39643803095594e-07,-4.62945927386647e-08,1.36892642920358,-0.305635257344497,1.61032231395246e-06
52.95,2.36956960721831e-07,-6.16593959572987e-08,1.35130729343617,-0.39877295736389,1.58959790787818e-06
53,2.33483301383236e-07,-7.77671716697283e-08,1.32908595038911,-0.489703068150677,1.56345983792207e-06
53.05,2.29197315746948e-07,-9.4098721338221e-08,1.30237495205433,-0.578352476695553,1.53204044838251e-06
53.1,2.24077023035578e-07,-1.10248614868092e-07,1.27128939813394,-0.664684203078886,1.49547509249871e-06
53.15,2.18177659027652e-07,-1.25073631736794e-07,1.23594535398059,-0.748689545427289,1.45390018176423e-06
53.2,2.115621325891e-07,-1.38732763537631e-07,1.19645894584463,-0.830382116048784,1.40745233640667e-06
53.25,2.04303892559671e-07,-1.5175135634152e-07,1.15294524350205,-0.909787537992647,1.35626697245485e-06
53.3,1.96402284304051e-07,-1.65028063929157e-07,1.10551786145402,-0.986934804684885,1.30047783334757e-06
53.35,1.87830341441489e-07,-1.78892832070853e-07,1.05428900158354,-1.06185118534109,1.24021694093597e-06
53.4,1.78552328980581e-07,-1.92654998849709e-07,0.999369593385439,-1.13455350449845,1.17561471286491e-06
53.45,1.68559226339543e-07,-2.05820596891472e-07,0.94087048553071,-1.20503951153191,1.10680149241137e-06
53.5,1.57953447234145e-07,-2.17023492218993e-07,0.87890306550513,-1.27328335192487,1.03390816485724e-06
53.55,1.46766463894148e-07,-2.2705689574214e-07,0.813580503862399,-1.33923025456948,9.57067940308789e-07
53.6,1.35159015344666e-07,-2.37139262370647e-07,0.745019612605849,-1.40278887726856,8.76418357210613e-07
53.65,1.23110810416249e-07,-2.48334085021633e-07,0.673343534227889,-1.46382396328196,7.92104384474976e-07
53.7,1.10426538481106e-07,-2.61654220805071e-07,0.598682507120276,-1.52215455774685,7.04279332845026e-07
53.75,9.71264878748704e-08,-2.74250570388878e-07,0.521177134433306,-1.57754640400449,6.13108298912894e-07
53.8,8.31393851144735e-08,-2.82833116953705e-07,0.440981458714786,-1.62970907172698,5.187721420977e-07
53.85,6.87537640722694e-08,-2.87986578321091e-07,0.358265770267452,-1.67829547258487,4.21471242572527e-07
53.9,5.414459844521e-08,-2.91648807332672e-07,0.273218313714288,-1.72290081686964,3.21427243282774e-07
53.95,3.93307888290474e-08,-2.98758624872427e-07,0.18604948439313,-1.76306164926099,2.1888815980127e-07
54,2.42523443214381e-08,-3.10517325414536e-07,0.0969947413125589,-1.79826115655551,1.14131097509502e-07
54.05,8.52840151243551e-09,-3.21532575658022e-07,0.00631569360562237,-1.8279320512372,7.46322893977811e-09
54.1,-7.62903082258052e-09,-3.28521281140703e-07,-0.0856963080237126,-1.85146732252488,-1.00773065232804e-07
54.15,-2.40787596337122e-08,-3.26640129874365e-07,-0.178718309277143,-1.86823511888532,-2.1019839214825e-07
54.2,-4.04021738028114e-08,-3.22019708247191e-07,-0.272396296833437,-1.87760211679879,-3.20395667759666e-07
54.25,-5.65092253140294e-08,-3.19256804762402e-07,-0.366345144272096,-1.87894340258238,-4.30911370040783e-07
54.3,-7.25917242082736e-08,-3.23003859405262e-07,-0.460147315027468,-1.87166797154039,-5.412538458858e-07
54.35,-8.88124576013113e-08,-3.30491338496753e-07,-0.553359066672391,-1.85525254820989,-6.50901396681465e-07
54.4,-1.05328037565258e-07,-3.29554593425874e-07,-0.645512720200787,-1.82925533871868,-7.59305155479656e-07
54.45,-1.21595128443686e-07,-3.20459948591341e-07,-0.736119640869177,-1.7933551844594,-8.65890295601937e-07
54.5,-1.37276245454641e-07,-3.06079183812383e-07,-0.824679892381815,-1.74737642757161,-9.70068421642822e-07
54.55,-1.52293278309551e-07,-2.94724964444861e-07,-0.91068902986118,-1.69130567523426,-1.07124526176933e-06
54.6,-1.66813265503639e-07,-2.86325965890057e-07,-0.993644899081703,-1.62530408869864,-1.16883012139748e-06
54.65,-1.80919883744775e-07,-2.77907852635239e-07,-1.07305936935317,-1.54971509588,-1.2622491079639e-06
54.7,-1.94515619670574e-07,-2.65888734581917e-07,-1.14846538211899,-1.46506344250343,-1.35095318077841e-06
54.75,-2.07425208838922e-07,-2.49173869128211e-07,-1.21942612157574,-1.37204421327359,-1.43442861294135e-06
54.8,-2.19425288400337e-07,-2.29886057198099e-07,-1.28554431397579,-1.27150163318266,-1.51220785355151e-06
54.85,-2.30429682244293e-07,-2.10001906869474e-07,-1.34646711734024,-1.16440427064334,-1.58387563378804e-06
54.9,-2.40424367598689e-07,-1.90773736848915e-07,-1.40189285833208,-1.05180389419636,-1.64907695259932e-06
54.95,-2.49471387981814e-07,-1.71755132333829e-07,-1.45157410024476,-0.934804265813177,-1.70752078827862e-06
55,-2.57572196857448e-07,-1.52127547100974e-07,-1.49531876081225,-0.81452454646312,-1.75898127371857e-06
55.05,-2.6467864460918e-07,-1.3110636480709e-07,-1.53299003306559,-0.692054687784138,-1.80329756056154e-06
55.1,-2.70695688946804e-07,-1.08700291687071e-07,-1.56450480415187,-0.568433372549103,-1.84037187924999e-06
55.15,-2.75564308731022e-07,-8.59001606592182e-08,-1.589830290323,-0.444618360339007,-1.87016556076518e-06
55.2,-2.79277080608886e-07,-6.36556403248137e-08,-1.60897788518866,-0.321462157578082,-1.89269190783856e-06
55.25,-2.81928479838266e-07,-4.30597842600105e-08,-1.62199962057926,-0.199702837670589,-1.9080120123079e-06
55.3,-2.83572443063533e-07,-2.30228448254927e-08,-1.62898170902223,-0.0799556580463821,-1.91622740380231e-06
55.35,-2.84236824663099e-07,-2.86241450018223e-09,-1.63003718050696,0.0372866226014621,-1.91747111541173e-06
55.4,-2.83873800996111e-07,1.78340471492884e-08,-1.62530095647951,0.151650883278217,-1.9119019035229e-06
55.45,-2.82476691419604e-07,3.82721849828798e-08,-1.61492441011008,0.262874689072657,-1.8996977502151e-06
55.5,-2.8005467985474e-07,5.78702091816926e-08,-1.59906880475939,0.37079316856106,-1.88104829413371e-06
55.55,-2.76695910453134e-07,7.58866075985125e-08,-1.5779014960845,0.475329310701209,-1.85615032369603e-06
55.6,-2.72463329929193e-07,9.2966616756611e-08,-1.5515922309911,0.576480366688106,-1.82520358622907e-06
55.65,-2.67407522568772e-07,1.09664014445866e-07,-1.52030907108151,0.674300583888001,-1.788405836948e-06
55.7,-2.61510797285504e-07,1.2656753533338e-07,-1.48421607326799,0.768889762398651,-1.74595012388717e-06
55.75,-2.54775139355501e-07,1.43239647013005e-07,-1.44347167661362,0.860381050992707,-1.69802277855656e-06
55.8,-2.47198173356096e-07,1.59402245893329e-07,-1.39822707432922,0.948926502261172,-1.64480162569405e-06
55.85,-2.38837704657424e-07,1.74388000293056e-07,-1.34862551328165,1.03468592917022,-1.58645510148887e-06
55.9,-2.29744216211883e-07,1.88344175768912e-07,-1.29480225391994,1.1178199589986,-1.52314233318078e-06
55.95,-2.19987325830431e-07,2.01838680405169e-07,-1.2368846847681,1.1984783794148,-1.45501323226638e-06
56,-2.09579803044614e-07,2.15432557763442e-07,-1.17499350673216,1.2767891297549,-1.38220984263372e-06
56.05,-1.98516610436361e-07,2.29608946068779e-07,-1.10924350850603,1.3528534365044,-1.304867245221e-06
56.1,-1.8680781910039e-07,2.43774575692028e-07,-1.03974475122905,1.42673784673723,-1.22311484644875e-06
56.15,-1.74268529011542e-07,2.57743171842577e-07,-0.966605090739019,1.49846570882493,-1.13707950141065e-06
56.2,-1.60941496485424e-07,2.70282156441616e-07,-0.889934004305794,1.56800526092826,-1.04688986239367e-06
56.25,-1.47113499396219e-07,2.79043962158093e-07,-0.809842768445948,1.63526907431219,-9.52676580816607e-07
56.3,-1.32898916726957e-07,2.85662307789134e-07,-0.726447852169387,1.70010802937597,-8.54576835367807e-07
56.35,-1.18347526820517e-07,2.96893477954335e-07,-0.639875851180611,1.76230117197433,-7.52740256438546e-07
56.4,-1.03243031999007e-07,3.12301239902825e-07,-0.550266775112885,1.82154748308316,-6.47331496473875e-07
56.45,-8.73282975372645e-08,3.27138333337109e-07,-0.457776807303476,1.87746341325317,-5.38533779760956e-07
56.5,-7.07409434411654e-08,3.37208853786389e-07,-0.362583636853431,1.92957910103092,-4.26555686638246e-07
56.55,-5.36499914816847e-08,3.41425992210718e-07,-0.264891318075024,1.97733935876366,-3.11637139119171e-07
56.6,-3.64124220775414e-08,3.4424822288757e-07,-0.164932935050151,2.02010615671182,-1.94052791791749e-07
56.65,-1.89654765954577e-08,3.49009478446534e-07,-0.0629756363220428,2.05715895274649,-7.41172521036156e-08
56.7,-1.36220388750112e-09,3.59487671988214e-07,0.0406748512920408,2.08771037891067,4.78094447424472e-08
56.75,1.67780064482936e-08,3.70489869871122e-07,0.145672761620522,2.11091808638027,1.71321108267111e-07
56.8,3.54074245519201e-08,3.77611399648164e-07,0.251629737531527,2.12590384027212,2.95961363722455e-07
56.85,5.42623726389628e-08,3.75701052685179e-07,0.358111490024198,2.13178277023509,4.2121988364541e-07
56.9,7.2982737839692e-08,3.68310713299308e-07,0.464641790686854,2.12771035953629,5.46536089466094e-07
56.95,9.12983471376089e-08,3.63629857902142e-07,0.570703785631268,2.11290329039981,6.71301125154931e-07
57,1.09462877214804e-07,3.62962690105854e-07,0.67574202281097,2.08668552220007,7.9486145516587e-07
57.05,1.27593397473291e-07,3.63278209288189e-07,0.779172986349718,2.04853743149749,9.16530987873094e-07
57.1,1.45632934892111e-07,3.5788152046036e-07,0.880391334754215,1.99812530104985,1.03559834312922e-06
57.15,1.63262207480317e-07,3.46155471031715e-07,0.978779263195049,1.93534622545067,1.15133683984673e-06
57.2,1.80206603364602e-07,3.30829212756217e-07,1.07372207557461,1.86035175450456,1.26302310154981e-06
57.25,1.96353570337019e-07,3.14744341696441e-07,1.16461775584034,1.77355884350402,1.36994865591796e-06
57.3,2.11683156005505e-07,2.98921418641208e-07,1.25089239123113,1.67564808903633,1.47143828126402e-06
57.35,2.26209021963595e-07,2.82271366122863e-07,1.33201267924035,1.56754739477763,1.56686474930943e-06
57.4,2.39874653423756e-07,2.63703079522958e-07,1.40749631199989,1.45040245003067,1.65566081881816e-06
57.45,2.52546243516881e-07,2.42509559258938e-07,1.4769238944655,1.32552731732337,1.73733321473486e-06
57.5,2.64097126614471e-07,2.19155210598243e-07,1.53994428214187,1.19436098244254,1.81146882425557e-06
57.55,2.74436002462376e-07,1.94456336032372e-07,1.59627998605242,1.05839788089228,1.8777411411666e-06
57.6,2.83546150818636e-07,1.69770127004241e-07,1.64572883612393,0.919135924010651,1.9359122026466e-06
57.65,2.9143047718354e-07,1.45439687473303e-07,1.68816289351969,0.778025246821799,1.98583147351391e-06
57.7,2.98098593001493e-07,1.21638670112662e-07,1.72352326213485,0.636410652137772,2.02742965387783e-06
57.75,3.03572100899102e-07,9.73281181907351e-08,1.75181555557687,0.495503173086681,2.06071345660907e-06
57.8,3.07818593240201e-07,7.25749849938794e-08,1.77310283299364,0.356354338466085,2.0857570534045e-06
57.85,3.10824185767801e-07,4.7625459689769e-08,1.78749526006277,0.219839204682928,2.10269001019771e-06
57.9,3.12604501336293e-07,2.36606877758081e-08,1.79514221281838,0.0866530164926931,2.11168791904327e-06
57.95,3.13218113865673e-07,8.99219358722739e-10,1.79622458442926,-0.0426848256257225,2.11296354807871e-06
58,3.12720075194516e-07,-2.04876584474926e-08,1.79094419992812,-0.167816238603704,2.10675429332243e-06
58.05,3.11169054600892e-07,-4.13753027207481e-08,1.77951670816711,-0.288531135537689,2.09331392244082e-06
58.1,3.0858173919581e-07,-6.19586992041462e-08,1.76216593751183,-0.404748824132071,2.07290575332642e-06
58.15,3.049759272873e-07,-8.22503682363239e-08,1.73911653423603,-0.516493156477914,2.04579404679646e-06
58.2,3.00377264579363e-07,-1.01605344947298e-07,1.71058943809689,-0.623873825363611,2.01223863433874e-06
58.25,2.9483975394251e-07,-1.19865418122467e-07,1.67679883118615,-0.727069415687061,1.97249144940175e-06
58.3,2.88415985739611e-07,-1.36862078457442e-07,1.63794856060951,-0.826304759819349,1.92679226693363e-06
58.35,2.81158335295086e-07,-1.53245785461285e-07,1.59423018870135,-0.921835083573204,1.87536649708542e-06
58.4,2.73087923538402e-07,-1.69324986851253e-07,1.54582221364847,-1.01393450850201,1.81842414617379e-06
58.45,2.64220026351932e-07,-1.85327681361981e-07,1.49288924792528,-1.10288003587572,1.7561588777823e-06
58.5,2.54566441177751e-07,-2.00949568271565e-07,1.43558233959613,-1.188938544364,1.68874834314979e-06
58.55,2.44148094041838e-07,-2.16141674749571e-07,1.37403953118491,-1.27236051399238,1.61635492151073e-06
58.6,2.33002593546283e-07,-2.3037362062256e-07,1.30838643626203,-1.35337094763781,1.53912632079128e-06
58.65,2.21164475219738e-07,-2.42940838804538e-07,1.23873906641653,-1.43215684788104,1.4571989354227e-06
58.7,2.08686366686376e-07,-2.55075177569511e-07,1.16520541184118,-1.50886095372497,1.37069992784627e-06
58.75,1.95645760008244e-07,-2.66879997864849e-07,1.08788673894699,-1.58357724344562,1.2797484322688e-06
58.8,1.81991046387582e-07,-2.78616423798204e-07,1.00688054852287,-1.65634192287051,1.18445916986961e-06
58.85,1.67580031536591e-07,-2.9517567765005e-07,0.922284506096474,-1.72712598265918,1.08494754307637e-06
58.9,1.5235808909903e-07,-3.14268493009825e-07,0.834201776261987,-1.79581914457233,9.81334667099461e-07
58.95,1.3635556537567e-07,-3.26204006485015e-07,0.742741186319692,-1.86222942266255,8.73747539148756e-07
59,1.19404773282162e-07,-3.31868122838852e-07,0.648022242356573,-1.9260807757989,7.623268318053e-07
59.05,1.02554005410982e-07,-3.33164430880993e-07,0.550181510375754,-1.9869986161984,6.47233392986178e-07
59.1,8.62866659587708e-08,-3.33845840456636e-07,0.449378391335361,-2.04450566528997,5.2865512688598e-07
59.15,6.96058830932623e-08,-3.50976950184333e-07,0.345797810529033,-2.09802281318499,4.06811364358445e-07
59.2,5.1413255664467e-08,-3.82349102416655e-07,0.239654711333449,-2.14685802507076,2.81954718506414e-07
59.25,3.1765882653471e-08,-3.97363487513847e-07,0.131203415022614,-2.19020424779141,1.54381135134839e-07
59.3,1.17701355112565e-08,-3.9500213646837e-07,0.0207405360983251,-2.22716870634692,2.44394253877786e-08
59.35,-7.87375972158531e-09,-3.87298207604573e-07,-0.0913910214221986,-2.25677877755157,-1.07465773534992e-07
59.4,-2.70234259487321e-08,-3.84453883792402e-07,-0.204797584801163,-2.27800275881387,-2.40870296126457e-07
59.45,-4.63053196789408e-08,-3.90214889934915e-07,-0.319033906153375,-2.28977743413334,-3.75249986917661e-07
59.5,-6.60404359571021e-08,-3.99935703312479e-07,-0.433600265161492,-2.29104022022884,-5.10017495993437e-07
59.55,-8.63161017544223e-08,-4.07268504283965e-07,-0.547945762066074,-2.28078966890561,-6.44525448437495e-07
59.6,-1.06640183785872e-07,-4.03418458466479e-07,-0.661472432825231,-2.25812491201544,-7.780713635473e-07
59.65,-1.26549330165613e-07,-3.92281961362835e-07,-0.773539068794037,-2.22230861006545,-9.09900554294923e-07
59.7,-1.45809419594027e-07,-3.79242274552104e-07,-0.88347498166982,-2.17282558351745,-1.03922349913141e-06
59.75,-1.64512919005125e-07,-3.69298244726723e-07,-0.990589507693913,-2.10942007154875,-1.16522721913127e-06
59.8,-1.82765011313221e-07,-3.60624674999959e-07,-1.09418554143483,-2.03213973311556,-1.28709187623774e-06
59.85,-2.00517909624047e-07,-3.4906691133592e-07,-1.19357824574993,-1.94135849462632,-1.40401230927082e-06
59.9,-2.1757978657802e-07,-3.32592434210671e-07,-1.28810805080805,-1.83778435571225,-1.51521285647876e-06
59.95,-2.33709267581304e-07,-3.11614390726147e-07,-1.37716022774881,-1.72244094304051,-1.61997034667643e-06
60,-2.48723162178521e-07,-2.88298389987583e-07,-1.46017778042512,-1.59663657786522,-1.71762933724721e-06
60.05,-2.62526700952542e-07,-2.64323317116742e-07,-1.53667493420569,-1.46190472073332,-1.80761821725017e-06
60.1,-2.7513746010363e-07,-2.40265579263214e-07,-1.60624752828885,-1.31993783039237,-1.88946149709995e-06
60.15,-2.8654442338484e-07,-2.1588262130599e-07,-1.66857796516213,-1.1725189972436,-1.96278560094549e-06
60.2,-2.96713980711799e-07,-1.90464630106425e-07,-1.72343822724461,-1.02143140497872,-2.0273223782274e-06
60.25,-3.05575365720122e-07,-1.63778499082616e-07,-1.77068842501782,-0.868402872056078,-2.08290729641069e-06
60.3,-3.13067930572493e-07,-1.35931725428756e-07,-1.81027318115859,-0.715040684979225,-2.12947520183914e-06
60.35,-3.19165486949282e-07,-1.08034847367169e-07,-1.84221116968586,-0.562775011685707,-2.16704794451525e-06
60.4,-3.23899550663733e-07,-8.14100750827513e-08,-1.86658902592181,-0.412839242940736,-2.19572729748406e-06
60.45,-3.2733794570206e-07,-5.6157168775543e-08,-1.88355081231056,-0.266244430990259,-2.21568271608205e-06
60.5,-3.29536929549307e-07,-3.21124799142665e-08,-1.8932830260373,-0.123780237189337,-2.22713360089106e-06
60.55,-3.30537821569512e-07,-7.89772838058897e-09,-1.89600718087742,0.013981752828833,-2.23034067164595e-06
60.6,-3.30330162754499e-07,1.61616623000825e-08,-1.89196933650001,0.146669182966593,-2.22559334293279e-06
60.65,-3.28926720634464e-07,3.97037020059468e-08,-1.88142850363881,0.274083111341281,-2.21319626029147e-06
60.7,-3.26387022524856e-07,6.15459863466246e-08,-1.86464975697321,0.396177336242741,-2.19346111612564e-06
60.75,-3.22796684632805e-07,8.18249078907765e-08,-1.84189800585435,0.513032912732528,-2.16669954720128e-06
60.8,-3.18231145074202e-07,1.00703408756442e-07,-1.81343101444102,0.624826153961762,-2.13321478793258e-06
60.85,-3.1273070367773e-07,1.19307167173718e-07,-1.77949565812077,0.731808389784757,-2.09329736523763e-06
60.9,-3.06305041380816e-07,1.37643528305796e-07,-1.74032521511752,0.834285071129529,-2.04722169346257e-06
60.95,-2.98968503462154e-07,1.55687665553379e-07,-1.69613667132108,0.932592164345182,-1.99524301830732e-06
61,-2.90754261555478e-07,1.72674978973212e-07,-1.64712970399342,1.02708053113802,-1.93759614682584e-06
61.05,-2.81715439490745e-07,1.88673937922848e-07,-1.59348636095675,1.11810487796786,-1.87449523563364e-06
61.1,-2.71915293988552e-07,2.03344171687995e-07,-1.53537111591541,1.20600884504368,-1.80613372523571e-06
61.15,-2.61393565386822e-07,2.17421660737282e-07,-1.47293211318917,1.29111260482406,-1.73268596061316e-06
61.2,-2.50175260812477e-07,2.3169918038611e-07,-1.40630191141283,1.37370799181413,-1.65430795872419e-06
61.25,-2.38236568820288e-07,2.46048175734815e-07,-1.33559893446698,1.45404924527465,-1.57113901230841e-06
61.3,-2.25528387837656e-07,2.61590356353309e-07,-1.26093055709495,1.53234374828677,-1.48330554823633e-06
61.35,-2.12064641203314e-07,2.7669194116163e-07,-1.1823959591326,1.60874176009419,-1.39092406331368e-06
61.4,-1.97811282202904e-07,2.89056180410687e-07,-1.10008703493309,1.68333492038244,-1.29410241437274e-06
61.45,-1.82777991565733e-07,3.00644103678854e-07,-1.01409258055015,1.75614818752071,-1.19294526186684e-06
61.5,-1.67560689639501e-07,3.07948495061251e-07,-0.924501831399219,1.82712935825768,-1.08755720738533e-06
61.55,-1.52257035625518e-07,3.14011285603315e-07,-0.831411304370475,1.89613771798402,-9.78052107477503e-07
61.6,-1.36378912950549e-07,3.29659991785973e-07,-0.734925288561467,1.96294332370635,-8.64553781092117e-07
61.65,-1.19366452235995e-07,3.56114482318098e-07,-0.635160005268703,2.02721532691581,-7.47199071952898e-07
61.7,-1.01099522712874e-07,3.72085484809041e-07,-0.532253393554849,2.08850274883271,-6.26148001394781e-07
61.75,-8.22248055431439e-08,3.75407156671685e-07,-0.426368656904792,2.14624531804864,-5.01592323530862e-07
61.8,-6.33514880778506e-08,3.75026630850355e-07,-0.317699136399549,2.1997672686475,-3.73760414395767e-07
61.85,-4.45770637583214e-08,3.79146453792099e-07,-0.206475358362702,2.24827210815704,-2.4292431397301e-07
61.9,-2.54540381842032e-08,3.90449047033035e-07,-0.092970729909211,2.29084771005898,-1.0940592330189e-07
61.95,-5.69637453007447e-09,4.03887317222486e-07,0.0224936301026993,2.32647338549757,2.6417545306092e-08
62,1.48513540325242e-08,4.14686746108473e-07,0.139542485531977,2.35404289025284,1.64105190734516e-07
62.05,3.57656677224706e-08,4.17493609690168e-07,0.257744262719652,2.37239607745282,3.0314990099569e-07
62.1,5.66164055826043e-08,4.14708388155385e-07,0.376608826429445,2.38034928386139,4.42974859641989e-07
62.15,7.72292179985065e-08,4.11399276768596e-07,0.495586565361488,2.37674964428908,5.82933005532037e-07
62.2,9.77435561563931e-08,4.10136893433873e-07,0.614073414290903,2.36052718780995,7.22313484358918e-07
62.25,1.18227421727065e-07,4.09178347324973e-07,0.731413359738171,2.33074909463709,8.60344787343016e-07
62.3,1.38632343278638e-07,4.05715807491652e-07,0.846909991489225,2.28669567122004,9.9620799768927e-07
62.35,1.58721252844105e-07,3.97060565637835e-07,0.959837338618006,2.22791038942413,1.12904941273159e-06
62.4,1.78256848630889e-07,3.83698908368544e-07,1.06945303978968,2.15425849131732,1.2579957149102e-06
62.45,1.97052410940799e-07,3.67680138159762e-07,1.17501884920049,2.06596262806879,1.3821782633572e-06
62.5,2.15006955378446e-07,3.50291330407814e-07,1.27581502387076,1.96361903179427,1.50075026299062e-06
62.55,2.32058348254702e-07,3.31685851550212e-07,1.37116233852369,1.84818980473734,1.61291270051872e-06
62.6,2.48135210050001e-07,3.11174866822109e-07,1.46043754236292,1.72097655817159,1.71793249611374e-06
62.65,2.63136809079424e-07,2.88278602143358e-07,1.54308978907895,1.58356306610333,1.81516171994229e-06
62.7,2.76931990029281e-07,2.63087856726244e-07,1.61865367263174,1.43774591024021,1.90405288856549e-06
62.75,2.89416505125926e-07,2.36106901428889e-07,1.68675657572189,1.28545630591355,1.9841676257498e-06
62.8,3.00526911889393e-07,2.08288344237109e-07,1.74712399272374,1.1286583764264,2.0551829203543e-06
62.85,3.10247290221387e-07,1.80243147413928e-07,1.7995791870298,0.969281706000503,2.1168908064225e-06
62.9,3.18562978995404e-07,1.524980264085e-07,1.8440397402386,0.809139279794285,2.16919427676871e-06
62.95,3.2549250408722e-07,1.24936408311248e-07,1.8805077873217,0.649859749062897,2.21209585510972e-06
63,3.31048563820001e-07,9.74455425356258e-08,1.90906312160586,0.492860646685677,2.24568941707882e-06
63.05,3.35231043359438e-07,6.99584299946323e-08,1.92985159995236,0.339313459521265,2.27014654640649e-06
63.1,3.38054928507497e-07,4.29589142494939e-08,1.94306810533234,0.190139908453005,2.28569644000808e-06
63.15,3.39556791812711e-07,1.72584770517668e-08,1.94894954423166,0.0460151525073434,2.29261769407811e-06
63.2,3.39807400088154e-07,-7.06823570114731e-09,1.94776128024787,-0.0926141375623147,2.29122245751072e-06
63.25,3.38870196860416e-07,-3.01485663721074e-08,1.93978424389529,-0.225500582037042,2.28184121239009e-06
63.3,3.36799023172232e-07,-5.24914025777202e-08,1.92530801668479,-0.352575530069959,2.26481465744847e-06
63.35,3.33629104532888e-07,-7.41303867135933e-08,1.90462231154137,-0.473914985264243,2.24048359597107e-06
63.4,3.2940011338483e-07,-9.49829803369273e-08,1.87800923201983,-0.589704815355873,2.20917986783545e-06
63.45,3.24154776753663e-07,-1.1470172877788e-07,1.84573971681414,-0.70022083991543,2.17122215140081e-06
63.5,3.17953234379033e-07,-1.33240761403102e-07,1.80806940007172,-0.805800677964985,2.12691115348832e-06
63.55,3.10849197565655e-07,-1.50682369551708e-07,1.76523577052127,-0.906817674759278,2.07652624930282e-06
63.6,3.02888441199571e-07,-1.67548634948599e-07,1.71745713092824,-1.00366729222368,2.02032429121136e-06
63.65,2.94095487342687e-07,-1.8393519659842e-07,1.66493178546633,-1.09675015556853,1.95853856162137e-06
63.7,2.84498414479684e-07,-2.00000265037225e-07,1.6078383296331,-1.18645605887839,1.89137916550257e-06
63.75,2.74112641545863e-07,-2.15512708188902e-07,1.546336384102,-1.27315391512558,1.81903384606575e-06
63.8,2.62968669990744e-07,-2.30787861693052e-07,1.48056767858014,-1.35718428018768,1.7416693582664e-06
63.85,2.51092397019756e-07,-2.4484644051988e-07,1.41065711465853,-1.43885156030158,1.65943252524265e-06
63.9,2.38518717840822e-07,-2.5755636954964e-07,1.33671703060648,-1.51841056890177,1.5724554806399e-06
63.95,2.25299543773428e-07,-2.70272442812273e-07,1.25884791605615,-1.59606417284422,1.48085657666378e-06
64,2.11512180462992e-07,-2.81738736120247e-07,1.17714092283885,-1.67195625999917,1.38474290627032e-06
64.05,1.97080116774454e-07,-2.94021997048035e-07,1.09168061429245,-1.74616720366479,1.28421416194684e-06
64.1,1.8187452982985e-07,-3.1139861207442e-07,1.00255066122504,-1.81870091786641,1.17936921889819e-06
64.15,1.65846051023619e-07,-3.30938267869464e-07,0.909838757166415,-1.88947087179187,1.07031092567483e-06
64.2,1.49015669724189e-07,-3.42690038566344e-07,0.813636685983018,-1.95830003867183,9.57146203302321e-07
64.25,1.3123980097711e-07,-3.48003684475084e-07,0.714046557875867,-2.02491638264326,8.39995309789825e-07
64.3,1.13603822195103e-07,-3.49473435441602e-07,0.611187787378868,-2.08893686672599,7.18998989874932e-07
64.35,9.6506293657731e-08,-3.51846969858319e-07,0.505203615777254,-2.14986022365659,5.94326243277228e-07
64.4,7.88273772735428e-08,-3.71931564231834e-07,0.396264101210819,-2.20706625719481,4.66178884991102e-07
64.45,5.96116045704338e-08,-4.02903363878095e-07,0.284572056352877,-2.25980178352179,3.34794772444982e-07
64.5,3.89382666268487e-08,-4.16814811312938e-07,0.170373113702817,-2.30717946237417,2.00459909651219e-07
64.55,1.79753254911752e-08,-4.14155688116206e-07,0.0539598733944459,-2.34820329319807,6.35185442453807e-08
64.6,-2.65226445430004e-09,-4.07328331399273e-07,-0.0643231519148015,-2.38177383177269,-7.56227554039447e-08
64.65,-2.28353816170466e-08,-4.06329706672599e-07,-0.184073646620919,-2.4067106409842,-2.16489678480507e-07
64.7,-4.32496138566643e-08,-4.14020954279548e-07,-0.304829877881817,-2.42178229363455,-3.58538770796811e-07
64.75,-6.41905130239642e-08,-4.2451299220321e-07,-0.426066829879192,-2.4257430930357,-5.0115305735211e-07
64.8,-8.56980307354184e-08,-4.31184349172941e-07,-0.547198903676356,-2.41740329173,-6.43644374148994e-07
64.85,-1.07207610590592e-07,-4.26750018354602e-07,-0.667584173876701,-2.39567712405143,-7.85258368205003e-07
64.9,-1.28280782290597e-07,-4.15594310478301e-07,-0.7865283701957,-2.35965708364884,-9.25177882807255e-07
64.95,-1.48714947006521e-07,-4.03125104994405e-07,-0.903300147377822,-2.30868738822704,-1.06254204085771e-06
65,-1.68616552585798e-07,-3.93315045881628e-07,-1.01714189420528,-2.24241155439069,-1.19645921876398e-06
65.05,-1.88058912177395e-07,-3.84029562308749e-07,-1.12728596407654,-2.16083013076021,-1.32602663092261e-06
65.1,-2.06953940840797e-07,-3.71281949966069e-07,-1.23297604688806,-2.06433065791324,-1.4503550222548e-06
65.15,-2.25093654694723e-07,-3.53356436379031e-07,-1.33348330766841,-1.95369911305019,-1.56858721858341e-06
65.2,-2.42225375812386e-07,-3.30994567125984e-07,-1.42812952055917,-1.83009908548095,-1.67992532034454e-06
65.25,-2.58167527037105e-07,-3.06221506457491e-07,-1.51630209697545,-1.69503464346482,-1.78364850432185e-06
65.3,-2.72830765004843e-07,-2.8066378101445e-07,-1.59747115724527,-1.55027481785794,-1.87913328273958e-06
65.35,-2.86215180277697e-07,-2.54773542391456e-07,-1.67120052103798,-1.39777697563503,-1.96586651336944e-06
65.4,-2.98301821072736e-07,-2.28490663284424e-07,-1.73715420933439,-1.23959586521887,-2.04345297832616e-06
65.45,-3.09046547415226e-07,-2.01028185888713e-07,-1.79509928574291,-1.07777814359304,-2.11161874899812e-06
65.5,-3.183829033091e-07,-1.72406782025149e-07,-1.84490402667137,-0.914294953542147,-2.17020887200543e-06
65.55,-3.26261456350194e-07,-1.42634935746824e-07,-1.88653165154993,-0.75095752990172,-2.2191800801465e-06
65.6,-3.32658648512915e-07,-1.13272965273843e-07,-1.92002905989635,-0.589360512503074,-2.25858737874098e-06
65.65,-3.37619606070639e-07,-8.51009751543594e-08,-1.94551875380506,-0.430856765355745,-2.28857478928265e-06
65.7,-3.41205200222485e-07,-5.8546364665346e-08,-1.96318474879056,-0.276532259747009,-2.30935873084887e-06
65.75,-3.43483162962391e-07,-3.29336352656985e-08,-1.97325598733691,-0.127210073626483,-2.32120858784256e-06
65.8,-3.44492754839973e-07,-7.56393788293749e-09,-1.97599839319017,0.0165396671857907,-2.3244372495148e-06
65.85,-3.44241341596071e-07,1.74840093491492e-08,-1.9717007642802,0.154374093896682,-2.3193844309797e-06
65.9,-3.42761712924559e-07,4.15289598009365e-08,-1.96066241433591,0.286144479157121,-2.30640215402974e-06
65.95,-3.40120086344873e-07,6.40360841301828e-08,-1.94318687829337,0.411873065317888,-2.28584742143024e-06
66,-3.36394064598488e-07,8.48078728418668e-08,-1.91957327773583,0.531716264506283,-2.25807207987401e-06
66.05,-3.3165704443804e-07,1.04323697666645e-07,-1.89010932291254,0.64592866152001,-2.22341462375342e-06
66.1,-3.25959382981837e-07,1.23367497573509e-07,-1.85506863827356,0.754845194769794,-2.18219700989322e-06
66.15,-3.19320876044204e-07,1.42033067265221e-07,-1.81470666500647,0.858849894993104,-2.13471973283305e-06
66.2,-3.11767537979426e-07,1.60139987490321e-07,-1.76925873177021,0.958352703392561,-2.08125959915153e-06
66.25,-3.03333110736536e-07,1.77274577842664e-07,-1.7189394218063,1.05377684948667,-2.02206898728813e-06
66.3,-2.94072096260409e-07,1.93253141992194e-07,-1.66394197514042,1.14554259634064,-1.95737519310198e-06
66.35,-2.840313313453e-07,2.08002467540831e-07,-1.60443933661143,1.23405163726219,-1.88738165012521e-06
66.4,-2.73261200956138e-07,2.22522285611922e-07,-1.54058489935027,1.31967990220945,-1.81226890547231e-06
66.45,-2.61766019600526e-07,2.36605044916556e-07,-1.47251386871811,1.40276908666354,-1.73219598422588e-06
66.5,-2.49547973775049e-07,2.51509557317799e-07,-1.40034502674564,1.48361955091442,-1.6473027464934e-06
66.55,-2.36601337295761e-07,2.67071573910815e-07,-1.32418470490496,1.56247772745218,-1.55771425652119e-06
66.6,-2.22897135887158e-07,2.81281815983641e-07,-1.24412753035721,1.63953371508338,-1.46354161610715e-06
66.65,-2.08398032026627e-07,2.96629696552588e-07,-1.16026002639665,1.71491551281777,-1.36488686780438e-06
66.7,-1.93329988339638e-07,3.0780800277435e-07,-1.07266270122284,1.78868099240909,-1.26184415755903e-06
66.75,-1.77855276946498e-07,3.1333552770596e-07,-0.981417843243164,1.86080408252952,-1.15451012824456e-06
66.8,-1.61986014689541e-07,3.20257781346115e-07,-0.886611365377642,1.93117211347901,-1.0429865840781e-06
66.85,-1.45818169215875e-07,3.38046216730856e-07,-0.788334393852915,1.9995814389841,-9.27381717282179e-07
66.9,-1.29050170131603e-07,3.58886939270998e-07,-0.686691836907978,2.06571539113752,-8.07818112542427e-07
66.95,-1.10371093233353e-07,3.82519806898332e-07,-0.58180714496007,2.12914464725603,-6.84440961640912e-07
67,-9.01666604982374e-08,3.96878197930733e-07,-0.473830890516649,2.18931137332887,-5.57426118055946e-07
67.05,-7.03711217165307e-08,3.83012504822379e-07,-0.36294208097375,2.24552966686104,-4.26982159603102e-07
67.1,-5.14585468605953e-08,3.73400963560882e-07,-0.249357126247214,2.29699931056664,-2.93367076389759e-07
67.15,-3.27014680656632e-08,3.85736932705267e-07,-0.133336758401152,2.34278767441817,-1.56889439699116e-07
67.2,-1.29505137040563e-08,4.08466385637092e-07,-0.0151907508387049,2.38183384360397,-1.79124307206929e-08
67.25,8.07308436620938e-09,4.28516741613209e-07,0.104714921204974,2.41297395150546,1.23134816992227e-07
67.3,2.97799799917644e-08,4.36015068498054e-07,0.225954402841151,2.43497230642322,2.65752394432821e-07
67.35,5.15237247828561e-08,4.32139370184585e-07,0.348038671292687,2.44655461231032,4.09364922482401e-07
67.4,7.28708667045211e-08,4.22401746129343e-07,0.470415167761057,2.44646440695289,5.53321826016255e-07
67.45,9.38704861240095e-08,4.17618720747758e-07,0.592470908026323,2.43351313646103,6.96900890857374e-07
67.5,1.14755017212622e-07,4.18185313958685e-07,0.713534446972038,2.40664144963511,8.39312230355269e-07
67.55,1.35683023525343e-07,4.19061524815151e-07,0.832888456479311,2.36500121118312,9.79712556234892e-07
67.6,1.56510331287047e-07,4.1351912184867e-07,0.949778681883918,2.3080106993868,1.11721531993471e-06
67.65,1.76901197901266e-07,4.0032026271595e-07,1.06342937251776,2.2354278849715,1.25090810833778e-06
67.7,1.96502424153786e-07,3.82753224677707e-07,1.17306369322768,2.14739227126732,1.37987675609511e-06
67.75,2.15160035595817e-07,3.63631592939633e-07,1.27791993005917,2.04444888735633,1.50322493544401e-06
67.8,2.32850162652947e-07,3.44252714669853e-07,1.37727561660108,1.9275455921253,1.62010264655055e-06
67.85,2.49561477090811e-07,3.24039837681363e-07,1.47046384711459,1.79800950233827,1.72972544490648e-06
67.9,2.65223023126401e-07,3.01768978339862e-07,1.55689315471679,1.65748584546111,1.8313976955865e-06
67.95,2.79690812919258e-07,2.76591219881426e-07,1.6360608411097,1.50786975082491,1.92452814586016e-06
68,2.92831680852755e-07,2.48578918558059e-07,1.70756277658005,1.35121339368534,2.00864139577934e-06
68.05,3.04543790768274e-07,2.19284631672027e-07,1.77109960274428,1.18962241588644,2.08338513584618e-06
68.1,3.14790133866355e-07,1.89811515973156e-07,1.8264774293283,1.02517741837266,2.14853116981006e-06
68.15,3.23541265856643e-07,1.61167940580596e-07,1.87360282761273,0.859832472877701,2.2039694879431e-06
68.2,3.30881888491591e-07,1.33214616158233e-07,1.91247501798044,0.695352931722832,2.24969918781808e-06
68.25,3.3682678789787e-07,1.05381738124415e-07,1.9431775811033,0.53327453322181,2.28581864837769e-06
68.3,3.41396122813779e-07,7.70068600136726e-08,1.96586421821876,0.374866215378455,2.31250874366361e-06
68.35,3.44555419420787e-07,4.8748599757623e-08,1.98074263938781,0.221123818660598,2.33001374115839e-06
68.4,3.46321337777157e-07,2.16684101254895e-08,1.98806621504419,0.0727755027691991,2.33863157787403e-06
68.45,3.46767199944164e-07,-3.39483724339387e-09,1.9881182926326,-0.06969930395516,2.33869547729323e-06
68.5,3.45997179269175e-07,-2.67663312441764e-08,1.98119890141288,-0.206039589400878,2.33055840887151e-06
68.55,3.4408445727117e-07,-4.92106193834162e-08,1.9676175589849,-0.336178721149515,2.31458454979633e-06
68.6,3.41074614022048e-07,-7.12484315593427e-08,1.94768303770684,-0.460204970466821,2.2911371749313e-06
68.65,3.36980835509315e-07,-9.27258146205709e-08,1.92169568334579,-0.578326163646598,2.26056957560635e-06
68.7,3.31840186038656e-07,-1.13188390784899e-07,1.88994369392662,-0.690847026035305,2.22322072169606e-06
68.75,3.25699089948368e-07,-1.32162466455661e-07,1.85269820620407,-0.798136734371999,2.17940951125514e-06
68.8,3.1863412936846e-07,-1.49746329009415e-07,1.81021051746123,-0.900601985449758,2.12943156467215e-06
68.85,3.10714727682544e-07,-1.66469770940508e-07,1.76271121543742,-0.998674663954026,2.07355818638295e-06
68.9,3.01976162602267e-07,-1.8289997440825e-07,1.7104089594192,-1.09279020973394,2.01203488953144e-06
68.95,2.92436070398357e-07,-1.99236780236956e-07,1.65349106866558,-1.1833719527159,1.94508204554484e-06
69,2.82111044259594e-07,-2.15500526483122e-07,1.59212421791521,-1.27082285898039,1.87289572205975e-06
69.05,2.7101909110969e-07,-2.31327331854472e-07,1.52645491422082,-1.35551725438003,1.79564822228683e-06
69.1,2.59101665401386e-07,-2.4546639380924e-07,1.45661227938531,-1.43778960900271,1.71349130516583e-06
69.15,2.46428291925311e-07,-2.57844220881804e-07,1.38271106684939,-1.51792464426595,1.62655995156293e-06
69.2,2.33190294626571e-07,-2.69491190522645e-07,1.30485181965879,-1.59615686600594,1.53497254236128e-06
69.25,2.19373612104634e-07,-2.81173397927343e-07,1.22312449901671,-1.67266201293893,1.43883498281786e-06
69.3,2.0492970045217e-07,-2.96293199854504e-07,1.13761233695104,-1.7475488768061,1.33824553996607e-06
69.35,1.8975814676378e-07,-3.13442850040565e-07,1.04839589858094,-1.82084767863645,1.23329883724735e-06
69.4,1.73738540703483e-07,-3.28050110970116e-07,0.955555217519027,-1.89250631839909,1.1240885397129e-06
69.45,1.57079022404026e-07,-3.39482773935565e-07,0.859174942216584,-1.96238297429885,1.01071415582391e-06
69.5,1.39910494620936e-07,-3.46103535306868e-07,0.759350249596836,-2.0302330239279,8.93287473244997e-07
69.55,1.22378548588181e-07,-3.54415718763434e-07,0.656191287251917,-2.09570395000936,7.71938747228825e-07
69.6,1.04413007210847e-07,-3.6457186327814e-07,0.549827743081779,-2.15832425087564,6.4682055038028e-07
69.65,8.57523500599048e-08,-3.80425721630484e-07,0.440415835032699,-2.21749671521854,5.18117053219348e-07
69.7,6.62820819156958e-08,-3.9920475911317e-07,0.328147145733192,-2.27249117026207,3.86053329394428e-07
69.75,4.60230757164979e-08,-4.0840386801766e-07,0.21325107670638,-2.32244344844205,2.50897915628669e-07
69.8,2.53601591507292e-08,-4.11735739831432e-07,0.0960032245065465,-2.36636519179517,1.12975396945246e-07
69.85,4.91937682974545e-09,-4.0878348847481e-07,-0.0232670077244595,-2.40314988760531,-2.73267817716453e-08
69.9,-1.53892863570154e-08,-4.09796390534437e-07,-0.144172761514727,-2.4316062885856,-1.69552465923199e-07
69.95,-3.61261778357287e-08,-4.23853948835594e-07,-0.266267476381047,-2.45046914930765,-3.13175394440088e-07
70,-5.76433400618852e-08,-4.35704550657656e-07,-0.389038230393373,-2.45844225057785,-4.57593804491838e-07
70.05,-7.96267518714249e-08,-4.37789017264483e-07,-0.511909061471525,-2.45426735232794,-6.02130966984807e-07
70.1,-1.01416646639759e-07,-4.30734944059391e-07,-0.634243259016729,-2.43677342046488,-7.46037830246367e-07
70.15,-1.22648615271651e-07,-4.19462514264588e-07,-0.755347469434268,-2.40495080917538,-8.8849825948181e-07
70.2,-1.43347358130287e-07,-4.10418589923854e-07,-0.87448621044117,-2.35802799861757,-1.02864640167392e-06
70.25,-1.63692724321164e-07,-4.03743202378459e-07,-0.990890482424502,-2.29552334203741,-1.16557764015143e-06
70.3,-1.8370705738943e-07,-3.95785477825897e-07,-1.10377645535012,-2.21731491930428,-1.29837031179396e-06
70.35,-2.03184859231831e-07,-3.82599884298961e-07,-1.21236461902399,-2.1236756875598,-1.42610786608643e-06
70.4,-2.21864876020392e-07,-3.63565408381106e-07,-1.31589808998048,-2.01529440281118,-1.54790001914116e-06
70.45,-2.39494649542905e-07,-3.40851812062877e-07,-1.41366632361913,-1.89326278702133,-1.66291070333088e-06
70.5,-2.55932941179209e-07,-3.16584095200284e-07,-1.50502110893122,-1.75904207077501,-1.77037718098887e-06
70.55,-2.71138704344893e-07,-2.91914538321613e-07,-1.58939638613804,-1.61439012094603,-1.86963345430636e-06
70.6,-2.85100778597426e-07,-2.6659149844644e-07,-1.66631933279923,-1.46129034009961,-1.9601233517183e-06
70.65,-2.97780956851411e-07,-2.40143815473396e-07,-1.73541962770996,-1.30184592848826,-2.04141130066396e-06
70.7,-3.0909092413822e-07,-2.12018099112926e-07,-1.79643329651463,-1.13818482224863,-2.11318683686711e-06
70.75,-3.18953469582348e-07,-1.8241868376377e-07,-1.84920242486227,-0.972376192066159,-2.17526417847933e-06
70.8,-3.27315087053521e-07,-1.51934062656784e-07,-1.89366743710955,-0.80633178705207,-2.22757318256961e-06
70.85,-3.34174213956127e-07,-1.22397545806909e-07,-1.92985972694982,-0.64175931575818,-2.27015058565742e-06
70.9,-3.39589033268682e-07,-9.40623883265712e-08,-1.95789187504881,-0.480115309207373,-2.30312879376986e-06
70.95,-3.43612679890473e-07,-6.73339285702245e-08,-1.97794066381886,-0.322582791893268,-2.32671571974841e-06
71,-3.4631370897066e-07,-4.09133139231144e-08,-1.99023417227299,-0.170067052216845,-2.34117979789108e-06
71.05,-3.47700828985481e-07,-1.4605420904169e-08,-1.99504138575766,-0.0232077093513123,-2.34683746588715e-06
71.1,-3.47778227568668e-07,1.13177128758995e-08,-1.99265618401061,0.117596196915616,-2.34403439641146e-06
71.15,-3.46595056603106e-07,3.57272570707263e-08,-1.98338604026466,0.252157030594493,-2.33313216245272e-06
71.2,-3.44237438972299e-07,5.84126367084886e-08,-1.96754446477866,0.380471153757742,-2.31449953524531e-06
71.25,-3.4078813210189e-07,7.92848198791065e-08,-1.94544093071023,0.502677572032631,-2.28850054983222e-06
71.3,-3.36318053259245e-07,9.93403730882174e-08,-1.9173744999276,0.619026760527666,-2.25548710837452e-06
71.35,-3.30856081912842e-07,1.18940566080905e-07,-1.88363018813167,0.729856106740226,-2.2157945231365e-06
71.4,-3.24426465151269e-07,1.38182946480649e-07,-1.84447440783627,0.835556930100291,-2.16973619501893e-06
71.45,-3.17057710468797e-07,1.56478884976382e-07,-1.80015298663093,0.936552235238485,-2.11760123789381e-06
71.5,-3.08803664462876e-07,1.73698361691345e-07,-1.75089027774182,1.03328238011177,-2.05965355284923e-06
71.55,-2.99720988365344e-07,1.89507718439999e-07,-1.69688846238987,1.12618594545757,-1.9961309378061e-06
71.6,-2.89862319786077e-07,2.0447183491192e-07,-1.63832840410778,1.21568464477113,-1.92724620852e-06
71.65,-2.79260425642383e-07,2.19273640728936e-07,-1.57537025721304,1.3021773965177,-1.85318783217945e-06
71.7,-2.67911310845374e-07,2.34128198611144e-07,-1.50815463522516,1.38602971951205,-1.77412124017151e-06
71.75,-2.55819744970787e-07,2.49642141404943e-07,-1.43680556034579,1.46756378087462,-1.69019238814354e-06
71.8,-2.42978697593628e-07,2.64494879476941e-07,-1.36143235275296,1.54705108618868,-1.60152973432384e-06
71.85,-2.29346935208825e-07,2.79956887401674e-07,-1.28213167872467,1.62470907229295,-1.50824712449168e-06
71.9,-2.15036397517942e-07,2.93757344104445e-07,-1.19898956643001,1.70069494398593,-1.41044551760568e-06
71.95,-2.00209789802831e-07,3.01887181998049e-07,-1.1120873539665,1.77509283909686,-1.30822017252053e-06
72,-1.84939694918705e-07,3.07669632667448e-07,-1.02150574996718,1.84790717186373,-1.20166637957906e-06
72.05,-1.69236756907079e-07,3.21205662097109e-07,-0.927324981770778,1.91906221966602,-1.09087957652512e-06
72.1,-1.53407740439712e-07,3.38801046244041e-07,-0.829631374540684,1.98838404513553,-9.75960921825514e-07
72.15,-1.36147859175517e-07,3.6170678852444e-07,-0.72852168654377,2.05559643850916,-8.57024367419404e-07
72.2,-1.1694662785475e-07,3.8556607290472e-07,-0.62411212062268,2.12030441038212,-7.34206148205095e-07
72.25,-9.69953847339284e-08,3.89210559410534e-07,-0.516541526099263,2.18198594514187,-6.07667369020021e-07
72.3,-7.78948490635391e-08,3.70664644843926e-07,-0.405975093575382,2.23999986807959,-4.77602141523056e-07
72.35,-5.9522081410104e-08,3.70966227718916e-07,-0.292615224627538,2.29358409905752,-3.44252878475292e-07
72.4,-4.06478802950917e-08,3.90464224898188e-07,-0.176705592261011,2.34183273342346,-2.07906257939293e-07
72.45,-2.05388093212544e-08,4.15226766264758e-07,-0.058538128424385,2.38370883956595,-6.89042232181759e-08
72.5,7.81980256245787e-10,4.31986123993086e-07,0.0615400528218008,2.4180658274105,7.2346299758705e-08
72.55,2.25903478461142e-08,4.40574414409882e-07,0.183123132326322,2.44367450391791,2.15367948989191e-07
72.6,4.43913144890461e-08,4.32988837857505e-07,0.305740502220203,2.45923944180487,3.59607974035769e-07
72.65,6.57040942881177e-08,4.15275568691662e-07,0.428857881174357,2.46347838466147,5.04437243991215e-07
72.7,8.6365382690229e-08,4.14023455545987e-07,0.551878813070675,2.45515313602863,6.49151326757796e-07
72.75,1.07236453833454e-07,4.22626841483624e-07,0.674144958909846,2.43312447684812,7.92976489918852e-07
72.8,1.28695667661937e-07,4.31952138150421e-07,0.794946593251431,2.39644545395923,9.3507881947959e-07
72.85,1.50206215757411e-07,4.25611818188495e-07,0.913533486152416,2.34441710309791,1.07457751824072e-06
72.9,1.71068487527148e-07,4.07710968649627e-07,1.0291261120022,2.27666739106215,1.21055516997698e-06
72.95,1.90909352547605e-07,3.8632343763476e-07,1.14093787520217,2.19320248525424,1.34208562394761e-06
73,2.09756112672942e-07,3.67760130104054e-07,1.24819114350476,2.09443360780992,1.4682534589283e-06
73.05,2.27739592959923e-07,3.52259948151112e-07,1.35013960880602,1.98118657965036,1.5881807406775e-06
73.1,2.4492621396574e-07,3.35516201738646e-07,1.44608871155906,1.85468268152511,1.70105088720757e-06
73.15,2.61213567501155e-07,3.14419615422164e-07,1.53541298251076,1.71649496983465,1.80612846386596e-06
73.2,2.7631381992753e-07,2.88415262404432e-07,1.61757410828526,1.56847275759696,1.90278029167248e-06
73.25,2.90008907088227e-07,2.59007912971622e-07,1.69213053517671,1.41266357024797,1.99048679668369e-06
73.3,3.02191592798565e-07,2.28785812604716e-07,1.75874604524332,1.251197930231,2.0688522011384e-06
73.35,3.1290489579109e-07,1.993416969691e-07,1.81719127806942,1.08620641072516,2.13760653243831e-06
73.4,3.22177784341746e-07,1.71748934208286e-07,1.86734215921652,0.919726491935984,2.19660372434976e-06
73.45,3.30073784494556e-07,1.44603079189471e-07,1.90917036272289,0.753612998119483,2.24581060388526e-06
73.5,3.36590886864105e-07,1.16423480578669e-07,1.94273625631306,0.589503011920445,2.28529833965645e-06
73.55,3.41667849363713e-07,8.67573272700516e-08,1.96817709861013,0.428768450135454,2.3152284415953e-06
73.6,3.45272484666369e-07,5.6880172416249e-08,1.98568838722704,0.272504314693601,2.33583074629064e-06
73.65,3.4742746264085e-07,2.9492873201556e-08,1.99551551409117,0.121529293744988,2.34739363275253e-06
73.7,3.48275820752374e-07,4.66779283048879e-09,1.99793885053879,-0.0235996681024069,2.35024690425873e-06
73.75,3.47923359040342e-07,-1.83143260330409e-08,1.99325885688159,-0.162556044169921,2.34474407881441e-06
73.8,3.46427767433901e-07,-4.12048447173903e-08,1.98178802859981,-0.295220845849907,2.3312529404874e-06
73.85,3.43789101677247e-07,-6.4207128405924e-08,1.96384086796187,-0.421643869326853,2.31014347102859e-06
73.9,3.40018693462488e-07,-8.6790913996729e-08,1.93972491750512,-0.542004775094698,2.28177738796969e-06
73.95,3.35159007065908e-07,-1.07796703160704e-07,1.90973660949462,-0.656590052681896,2.24650327318281e-06
74,3.29294710049381e-07,-1.26763537405994e-07,1.87415616229205,-0.765760837698351,2.20465070908461e-06
74.05,3.22507318354171e-07,-1.438641815031e-07,1.83324412137743,-0.86992222241033,2.15652620289168e-06
74.1,3.14884226185698e-07,-1.60713546590696e-07,1.78724019163274,-0.969509707697047,2.10241189810511e-06
74.15,3.06417137807553e-07,-1.77664011482468e-07,1.73636194172622,-1.06496753993083,2.04256376568051e-06
74.2,2.97111838426088e-07,-1.9490240932941e-07,1.68080496037668,-1.15673177154906,1.97721190333894e-06
74.25,2.86984010453561e-07,-2.12004607087617e-07,1.62074358959498,-1.24521974269876,1.90656135121107e-06
74.3,2.76098280622129e-07,-2.29885480592227e-07,1.55633151788433,-1.33082251562657,1.83079299493478e-06
74.35,2.64366832232589e-07,-2.43734038027326e-07,1.48770315081386,-1.41389479366226,1.75006443411491e-06
74.4,2.51851610326024e-07,-2.52728561835658e-07,1.41497814193206,-1.49474256498987,1.66451633501703e-06
74.45,2.38795408057809e-07,-2.61077187590918e-07,1.33826171633847,-1.57362223915425,1.57427292074944e-06
74.5,2.25434237251252e-07,-2.73985367835685e-07,1.25764590277124,-1.65073673272071,1.47944299606374e-06
74.55,2.1131600195665e-07,-2.91341471155826e-07,1.17321521974223,-1.72622072446905,1.38012597137548e-06
74.6,1.96182427953807e-07,-3.12983454004786e-07,1.08504970960496,-1.80013517620327,1.27641598632654e-06
74.65,1.80109388007114e-07,-3.27645264295198e-07,0.993228291766786,-1.87245686321093,1.16840469055865e-06
74.7,1.63415639189231e-07,-3.36368655372273e-07,0.897832462125238,-1.94307878797488,1.05618806030647e-06
74.75,1.46543249726494e-07,-3.40118609514786e-07,0.798951839848374,-2.01179542610444,9.39871619417734e-07
74.8,1.29440790508956e-07,-3.47575179482321e-07,0.696689767858378,-2.07829444404157,8.1957784773449e-07
74.85,1.11957460107656e-07,-3.60957578235595e-07,0.591167058648946,-2.14214703049739,6.95449094982706e-07
74.9,9.35188467524478e-08,-3.79870948268422e-07,0.482528222556357,-2.20279857161812,5.6765531230243e-07
74.95,7.37353376698785e-08,-4.03309728442112e-07,0.370951015669068,-2.25956343163062,4.36405494713514e-07
75,5.3145165387945e-08,-4.11591742562175e-07,0.256650439404722,-2.31161717382408,3.01950483969568e-07
75.05,3.22149828313179e-08,-4.0335239861062e-07,0.139883783622503,-2.35801119801767,1.64592795729132e-07
75.1,1.21441918834751e-08,-3.96664126519521e-07,0.0209608534921802,-2.39767590775791,2.4698767645134e-08
75.15,-7.20009637074263e-09,-4.02519336273743e-07,-0.0997521300032452,-2.42944267543771,-1.17299644067143e-07
75.2,-2.76877433667368e-08,-4.28369954447991e-07,-0.221830467588916,-2.45205840932019,-2.60902065817189e-07
75.25,-4.9493722809293e-08,-4.47916791066234e-07,-0.34478361577764,-2.46421478024821,-4.05534222439556e-07
75.3,-7.22326838743151e-08,-4.46562960304866e-07,-0.468055989757759,-2.46462259155322,-5.50544096290133e-07
75.35,-9.43577401490325e-08,-4.30815336340557e-07,-0.591030071884919,-2.45206399752025,-6.95204594084724e-07
75.4,-1.15542773160625e-07,-4.14984638714762e-07,-0.713028390116066,-2.42545417913003,-8.38717274426992e-07
75.45,-1.35879741267366e-07,-4.08135040914852e-07,-0.833326161651469,-2.3839236523694,-9.80228594934565e-07
75.5,-1.56252998014527e-07,-4.08795324635432e-07,-0.951161785408911,-2.32687002338295,-1.11884281172774e-06
75.55,-1.76681106810272e-07,-4.06117037087825e-07,-1.06574983465174,-2.25403045013762,-1.25363714119394e-06
75.6,-1.96747593988554e-07,-3.93916901685207e-07,-1.1763035604856,-2.16553271127237,-1.38368675326569e-06
75.65,-2.15947795479497e-07,-3.7290785568627e-07,-1.28205104081347,-2.06192066246817,-1.5080835331325e-06
75.7,-2.33962892352761e-07,-3.47700606151914e-07,-1.38225934130106,-1.94415282626865,-1.62596481833267e-06
75.75,-2.50737125184712e-07,-3.23064784443912e-07,-1.47625274004346,-1.81357578023002,-1.73653523071318e-06
75.8,-2.66306493495282e-07,-3.00503756233785e-07,-1.56343113792922,-1.67186431524227,-1.8390886938102e-06
75.85,-2.80743927541952e-07,-2.77567731717387e-07,-1.64328555084278,-1.52094424342364,-1.93302672920084e-06
75.9,-2.94008718042341e-07,-2.52290912508104e-07,-1.71540698204051,-1.36290672452406,-2.01786842625241e-06
75.95,-3.05943638950062e-07,-2.23812474823598e-07,-1.77949305785053,-1.1998940163961,-2.09325818255738e-06
76,-3.16416793451053e-07,-1.93560854761146e-07,-1.83534833094742,-1.03402166511661,-2.15896593600393e-06
76.05,-3.25287593317959e-07,-1.61818760605367e-07,-1.88288127594341,-0.867283698180092,-2.21488399221981e-06
76.1,-3.32580767863247e-07,-1.3141423458289e-07,-1.92209262847433,-0.701470890818789,-2.26101291882152e-06
76.15,-3.38429902163252e-07,-1.04208963432625e-07,-1.95306910288601,-0.538144490794418,-2.29745452501605e-06
76.2,-3.42981650298511e-07,-7.82230335452563e-08,-1.97596995401725,-0.378588567156596,-2.32439635645022e-06
76.25,-3.46283048105795e-07,-5.2089937181025e-08,-1.9910084725464,-0.223810181242454,-2.34208945849437e-06
76.3,-3.48210616614117e-07,-2.39924305508866e-08,-1.99844280293623,-0.074541288801345,-2.35083768709403e-06
76.35,-3.48728677922853e-07,3.5393202799582e-09,-1.99856240655249,0.0687388978179481,-2.35098127969658e-06
76.4,-3.47878159043712e-07,2.87944625559102e-08,-1.99167340228743,0.205772645958936,-2.34288015485543e-06
76.45,-3.45859923780741e-07,5.09358566599443e-08,-1.97809028080089,0.33649832911577,-2.32690417112072e-06
76.5,-3.42792046359602e-07,7.14027617953091e-08,-1.95812707958277,0.461014430084511,-2.30342289362345e-06
76.55,-3.38740629543496e-07,9.14299017866457e-08,-1.93208888868043,0.579539387126229,-2.27279534076222e-06
76.6,-3.33668997174628e-07,1.11875500012739e-07,-1.90026774743847,0.692387787037331,-2.23536513928587e-06
76.65,-3.27571024976074e-07,1.32074659397435e-07,-1.86293837070679,0.799940109651357,-2.19145537616122e-06
76.7,-3.20464478607412e-07,1.5140728875753e-07,-1.82035512168046,0.902613855114673,-2.14136520268804e-06
76.75,-3.12448398357754e-07,1.6838524135959e-07,-1.77275100154373,1.00084884789291,-2.08536854987425e-06
76.8,-3.03621119575282e-07,1.83906640080127e-07,-1.72033676029374,1.09509041234684,-2.0237134250835e-06
76.85,-2.94077401264721e-07,1.98471497388052e-07,-1.66330122659098,1.18577159305476,-1.95662200690863e-06
76.9,-2.83796967610055e-07,2.13793537748507e-07,-1.60181215519016,1.27330326296594,-1.88429181172898e-06
76.95,-2.72835534202075e-07,2.28684654359699e-07,-1.53601742813461,1.35806515081753,-1.80689667343109e-06
77,-2.61007937862886e-07,2.45086790444855e-07,-1.46604591119146,1.44040108516401,-1.72458838590523e-06
77.05,-2.48235986962948e-07,2.62717314074183e-07,-1.39201214057126,1.5206031964374,-1.63750165246346e-06
77.1,-2.34673980380175e-07,2.76800656150876e-07,-1.31401722276471,1.59890832251736,-1.54575490553521e-06
77.15,-2.20539014988837e-07,2.83698281613963e-07,-1.2321503286883,1.67549670169259,-1.44945265701204e-06
77.2,-2.06072340075539e-07,2.92218308694992e-07,-1.14649408635102,1.75048407662598,-1.3486930325207e-06
77.25,-1.91289953297284e-07,3.06290048650863e-07,-1.0571277847802,1.82390819404676,-1.24356971627924e-06
77.3,-1.75621648761555e-07,3.25276749424271e-07,-0.964130298523572,1.89572263585546,-1.13417542421991e-06
77.35,-1.59037911173355e-07,3.43005284735932e-07,-0.867584750629142,1.96578833300524,-1.02060728706523e-06
77.4,-1.41470431179884e-07,3.5423309311839e-07,-0.767584322332706,2.03386423503733,-9.02974365316658e-07
77.45,-1.23478676189714e-07,3.59816612897039e-07,-0.66423725298415,2.09960018989818,-7.81404074984532e-07
77.5,-1.05190816997966e-07,3.64551852216932e-07,-0.557671144995137,2.16252947500687,-6.56047024306653e-07
77.55,-8.67480528623094e-08,3.75216157238336e-07,-0.448040533770568,2.22205857779269,-5.2708571236708e-07
77.6,-6.77851844004705e-08,3.91568657342005e-07,-0.335533993872416,2.27745968229433,-3.94741940852709e-07
77.65,-4.7906150423971e-08,4.08203218486342e-07,-0.220378026325929,2.32787119559018,-2.592815819118e-07
77.7,-2.72810171737531e-08,4.17732217148091e-07,-0.102846382386569,2.37229881129685,-1.2102588122675e-07
77.75,-6.17910495813539e-09,4.18556897428631e-07,0.0167338494116985,2.40963650536318,1.96405635029482e-08
77.8,1.48737570566491e-08,4.16453073303906e-07,0.137979342270226,2.43868169611157,1.62266223082332e-07
77.85,3.59188959090955e-08,4.16857154895843e-07,0.260443274278573,2.45815494463892,3.06324912463295e-07
77.9,5.68011080651444e-08,4.25978901672678e-07,0.38361363558969,2.4667598289682,4.51213682262346e-07
77.95,7.81571651430531e-08,4.36724518361898e-07,0.506916141826635,2.46322621997323,5.96257727932645e-07
78,1.00046331491632e-07,4.40048818032695e-07,0.629714106379202,2.44635764598211,7.40709044377834e-07
78.05,1.21865985917494e-07,4.30298895095674e-07,0.751312330423146,2.41512195799139,8.83750439335863e-07
78.1,1.43054947783955e-07,4.14773400498569e-07,0.870973063731795,2.36872844492367,1.02451330224874e-06
78.15,1.63474119584421e-07,4.01854552632621e-07,0.987924160481597,2.30667662422231,1.16208844770084e-06
78.2,1.83304016914737e-07,3.92418962029304e-07,1.10137711428578,2.22882648311299,1.29554823495297e-06
78.25,2.02656402981094e-07,3.81826776365031e-07,1.21054754806004,2.13543453964661,1.42397046149036e-06
78.3,2.21401703934354e-07,3.66687782033612e-07,1.3146725718673,2.02717645317188,1.54645806934018e-06
78.35,2.39249158275798e-07,3.45930000797303e-07,1.41303521475378,1.90513578474375,1.66216777261719e-06
78.4,2.55934789802231e-07,3.20924164573734e-07,1.50498068882428,1.77077265829793,1.77032917643625e-06
78.45,2.71305526045516e-07,2.94036992238353e-07,1.58993621042783,1.62585088124799,1.8702682455986e-06
78.5,2.85337641351194e-07,2.67030639551426e-07,1.66742299717491,1.47236400664018,1.96142158562223e-06
78.55,2.98020973814201e-07,2.40544363631624e-07,1.73706520192665,1.31243308198815,2.04334700668572e-06
78.6,3.09361885356463e-07,2.13349311905985e-07,1.79859436335866,1.14820345899067,2.11572883744309e-06
78.65,3.19310551812677e-07,1.84806607093021e-07,1.85184876689425,0.981764250769286,2.17837691447754e-06
78.7,3.27820528802194e-07,1.54733620833937e-07,1.89676658341119,0.815049834718134,2.23121852519395e-06
78.75,3.34817315381817e-07,1.24441496387995e-07,1.9333776068115,0.649787548014797,2.27428857919376e-06
78.8,3.40319789285517e-07,9.50174101758297e-08,1.96179388466951,0.487452903698655,2.30771876761362e-06
78.85,3.44349046905731e-07,6.73938309505596e-08,1.98219252458388,0.329245117480573,2.33171733032671e-06
78.9,3.47044814861509e-07,4.13156070174448e-08,1.99480282858388,0.176082746276303,2.3465540304275e-06
78.95,3.48461761152595e-07,1.58975466060897e-08,1.99989547034589,0.0286149965245768,2.35254736429939e-06
79,3.48630524547051e-07,-9.51761840415525e-09,1.99776634044452,-0.112752326474333,2.35004546787503e-06
79.05,3.47540713311571e-07,-3.43296680868924e-08,1.98872530504897,-0.247827870531413,2.33941278469284e-06
79.1,3.45243469684386e-07,-5.78056526752156e-08,1.97308839930261,-0.376606128254608,2.32102100110375e-06
79.15,3.41796091515921e-07,-7.93786442703221e-08,1.95116756173697,-0.499225734981661,2.29523700194558e-06
79.2,3.37311883051975e-07,-9.93691525593187e-08,1.92326441542804,-0.615938954866717,2.26241563104456e-06
79.25,3.31853495320481e-07,-1.18456292310017e-07,1.8896663720353,-0.727086063476873,2.22289505258026e-06
79.3,3.25468268117535e-07,-1.37200428244063e-07,1.85064204938256,-0.833061734232997,2.17699131036467e-06
79.35,3.18156723483e-07,-1.55555212247069e-07,1.80643933083989,-0.934293519313592,2.12499599365025e-06
79.4,3.09952598201761e-07,-1.73172218951817e-07,1.7572843577678,-1.03122619014299,2.06717508397798e-06
79.45,3.00874378153908e-07,-1.89626954599812e-07,1.70338091287123,-1.12430267356161,2.00376825358881e-06
79.5,2.90988164852242e-07,-2.04901558272409e-07,1.64491123286657,-1.21394900556537,1.93498987221238e-06
79.55,2.80350447106357e-07,-2.19237277451874e-07,1.58203659797486,-1.30056881566129,1.86102968497749e-06
79.6,2.69000848411624e-07,-2.33446146965525e-07,1.51489855333457,-1.38453236251767,1.78205428201776e-06
79.65,2.56987880943658e-07,-2.48246435996886e-07,1.443621863089,-1.46616626162853,1.69821050350638e-06
79.7,2.44236106973171e-07,-2.63399452865742e-07,1.36831616565871,-1.54574722817593,1.60962729593481e-06
79.75,2.30851147529967e-07,-2.80838516778706e-07,1.28907847187111,-1.62349739704356,1.51641898017298e-06
79.8,2.16676006652313e-07,-2.9658853944941e-07,1.2059945128018,-1.69957870537643,1.41868598627122e-06
79.85,2.01566043716465e-07,-3.06493388134375e-07,1.1191456377993,-1.77407927270029,1.31652357083604e-06
79.9,1.85769437658436e-07,-3.11811097581306e-07,1.02861199228258,-1.84700803395455,1.21002614425586e-06
79.95,1.69870258324903e-07,-3.18674867338756e-07,0.934472796512111,-1.91829406050998,1.09928754188275e-06
80,1.5362796656103e-07,-3.3116019752083e-07,0.836813116703269,-1.98777159495414,9.84408259239896e-07
80.05,1.36564303842281e-07,-3.52195927075905e-07,0.735730086221738,-2.05516831138525,8.65502866152484e-07
80.1,1.18482751788205e-07,-3.7094005986167e-07,0.631337430170802,-2.1200937798767,7.42704000100263e-07
80.15,9.96482883890873e-08,-3.8264438719442e-07,0.523770460037097,-2.18203887321951,6.16170332961268e-07
80.2,8.03976036422426e-08,-3.86287382247635e-07,0.413193596197324,-2.24036632205236,4.86095170796648e-07
80.25,6.09708617672819e-08,-3.89599084707083e-07,0.299806832006373,-2.29430915358011,3.52714586813798e-07
80.3,4.12267622502852e-08,-3.94061222551096e-07,0.183850732227493,-2.34296611921983,2.16311722001469e-07
80.35,2.11351984887488e-08,-4.07408997739215e-07,0.0656148182532573,-2.38530696494114,7.72279651642807e-08
80.4,4.89605354548781e-10,-4.26715754557215e-07,-0.0545558888430406,-2.42019389829956,-6.41311311089643e-08
80.45,-2.10741099491685e-08,-4.36192170244758e-07,-0.176259346813511,-2.44638989593257,-2.07294292360089e-07
80.5,-4.28977648482819e-08,-4.35787861089555e-07,-0.299028708486371,-2.46260219640709,-3.5171235475886e-07
80.55,-6.44363766532516e-08,-4.25470556482069e-07,-0.422331416461843,-2.46753250942679,-4.96758855261327e-07
80.6,-8.55463032933e-08,-4.20388060444798e-07,-0.54557287101617,-2.45993475715074,-6.41732750034874e-07
80.65,-1.06575108566173e-07,-4.22184488347459e-07,-0.668097110793457,-2.43865866277317,-7.85862235028276e-07
80.7,-1.27817897820219e-07,-4.26228908103667e-07,-0.789194362806374,-2.40273904333887,-9.2831286627265e-07
80.75,-1.49075180610274e-07,-4.22203187287872e-07,-0.908114738082535,-2.35146232709976,-1.06820360867436e-06
80.8,-1.69893467521119e-07,-4.09373625792469e-07,-1.02407792758498,-2.28443271238341,-1.2046166338666e-06
80.85,-1.89919395927874e-07,-3.91235687493427e-07,-1.13629474784982,-2.20163326002969,-1.33662322892517e-06
80.9,-2.09020323373742e-07,-3.72479255559395e-07,-1.24398476556579,-2.10345373721708,-1.46330484829608e-06
80.95,-2.27183507950766e-07,-3.54528669761428e-07,-1.34639698454812,-1.99070215540344,-1.58377791817578e-06
81,-2.44436018577332e-07,-3.35699539909645e-07,-1.44283204951113,-1.86458525475451,-1.69721993909877e-06
81.05,-2.60705450696908e-07,-3.14279685110841e-07,-1.53265868655729,-1.72666736563301,-1.80288850111321e-06
81.1,-2.75815841597495e-07,-2.89308654560708e-07,-1.61533258390626,-1.57879225773868,-1.9001434117936e-06
81.15,-2.89593711387861e-07,-2.61357193777622e-07,-1.69040615519591,-1.42300817943021,-1.98845809910058e-06
81.2,-3.01919761412434e-07,-2.31743618405083e-07,-1.75753713342473,-1.26145285664678,-2.06742980324539e-06
81.25,-3.12779083782888e-07,-2.02091058441233e-07,-1.81649054319489,-1.09626611003028,-2.13678194332414e-06
81.3,-3.22165612910517e-07,-1.73286834749262e-07,-1.86713764012691,-0.929500995675909,-2.19636297927067e-06
81.35,-3.30111078863868e-07,-1.45355323377191e-07,-1.90944598965558,-0.763029547467398,-2.24613475457192e-06
81.4,-3.36664479225958e-07,-1.17145660971806e-07,-1.94347250848975,-0.598505698699715,-2.28616434356528e-06
81.45,-3.41794854639859e-07,-8.83889850061928e-08,-1.96935209677831,-0.437318752090221,-2.31661046245834e-06
81.5,-3.45497811111897e-07,-5.92162300371887e-08,-1.98727941274107,-0.280580103790993,-2.33770208093785e-06
81.55,-3.47766511289645e-07,-3.15714909302818e-08,-1.99749826114339,-0.129122829278934,-2.34972579065055e-06
81.6,-3.48700101517692e-07,-5.8975998749187e-09,-2.00028909584386,0.0164837832265864,-2.35301145294492e-06
81.65,-3.48391350156568e-07,1.77644751419568e-08,-1.99595337917199,0.15590393450133,-2.3479136844987e-06
81.7,-3.46922345200144e-07,4.06959547017332e-08,-1.98480402740096,0.289009203431833,-2.33480071487684e-06
81.75,-3.44317772154095e-07,6.32043056033842e-08,-1.9671569181312,0.415844562915497,-2.31404415464266e-06
81.8,-3.40607648177157e-07,8.53722586697961e-08,-1.94332134097777,0.536587247588529,-2.28600784101473e-06
81.85,-3.35815841862179e-07,1.06322615652018e-07,-1.91359507017846,0.651520440455168,-2.25104196419678e-06
81.9,-3.30014925084768e-07,1.25776042965502e-07,-1.87826007069329,0.761004947501794,-2.20947818031355e-06
81.95,-3.23269453949195e-07,1.43520169531169e-07,-1.83757868352954,0.865447713209695,-2.16162506817762e-06
82,-3.15659855362905e-07,1.60504727942992e-07,-1.79179212883731,0.965283851447247,-2.10776648372401e-06
82.05,-3.07208298243147e-07,1.77148293527566e-07,-1.74111961045805,1.06096001943539,-2.04816032839067e-06
82.1,-2.97936673939985e-07,1.93851488458136e-07,-1.68575807718926,1.15291572253981,-1.98303832231607e-06
82.15,-2.87845997431667e-07,2.10130420013332e-07,-1.62588307844447,1.24157098695192,-1.91260691965053e-06
82.2,-2.76994588788361e-07,2.26872848180672e-07,-1.56164985412166,1.32731897471775,-1.83704882813871e-06
82.25,-2.653549075484e-07,2.41797784468537e-07,-1.49319360910482,1.4105189129578,-1.75652285400886e-06
82.3,-2.52942118949875e-07,2.53603100223155e-07,-1.4206343739553,1.49148170282796,-1.67117005644236e-06
82.35,-2.39881637435452e-07,2.64040639083588e-07,-1.34407819288408,1.57046654267501,-1.58111536349755e-06
82.4,-2.26354986498738e-07,2.76364501892073e-07,-1.26361777877269,1.64767907402925,-1.48646817926877e-06
82.45,-2.12186224537599e-07,2.90443116736227e-07,-1.17933767326526,1.72325882857438,-1.38732793928353e-06
82.5,-1.97193589946746e-07,3.08720549488466e-07,-1.09131760552802,1.79727315678978,-1.28378868914337e-06
82.55,-1.81339574364259e-07,3.25523909996656e-07,-0.999636624913511,1.86970490431977,-1.1759428202014e-06
82.6,-1.64698417324925e-07,3.365289383113e-07,-0.904375585058412,1.94045076855064,-1.0638849882399e-06
82.65,-1.47662122011607e-07,3.43707729453454e-07,-0.805622750562822,2.00931224388748,-9.47719229709116e-07
82.7,-1.30440426890664e-07,3.48484265949102e-07,-0.703480405440942,2.0759812206178,-8.27566014895106e-07
82.75,-1.12818757214227e-07,3.61102128102504e-07,-0.598068375093589,2.14003695184743,-7.03567377182249e-07
82.8,-9.46734998368652e-08,3.77799979757796e-07,-0.489529879830026,2.20093117712786,-5.75891395780018e-07
82.85,-7.52762647194266e-08,3.97103648744003e-07,-0.378038756615356,2.2579847167549,-4.44742406166662e-07
82.9,-5.47209831919565e-08,4.11740115733353e-07,-0.263808396989708,2.31038409904866,-3.10370662784097e-07
82.95,-3.40261431510637e-08,4.08443414426912e-07,-0.147093948664327,2.35718210310139,-1.73074908419668e-07
83,-1.36298073073343e-08,4.03812827876385e-07,-0.0282011943627717,2.39731633381831,-3.32165938840291e-08
83.05,6.48852790477744e-09,4.09540252444561e-07,0.0925072171010246,2.42961835985002,1.08776453036168e-07
83.1,2.71949103299463e-08,4.23103980784632e-07,0.214609190826831,2.45283436183322,2.52407972401573e-07
83.15,4.86390032695176e-08,4.35268103246313e-07,0.337617571868531,2.46566028946428,3.97105878674865e-07
83.2,7.06553930773618e-08,4.39127795671491e-07,0.460980372731683,2.46680519967706,5.42221576039759e-07
83.25,9.25570422740591e-08,4.33642854294202e-07,0.584083231814794,2.45503941680784,6.8703247834082e-07
83.3,1.14000396743925e-07,4.23895560849718e-07,0.706250870886926,2.42926309093595,8.30743696418612e-07
83.35,1.34902412790788e-07,4.1510487832018e-07,0.82676059864793,2.38859008046165,9.72504553023615e-07
83.4,1.55499449044026e-07,4.09492801845477e-07,0.944851118907626,2.33239867197736,1.11141927410737e-06
83.45,1.75830268303272e-07,4.02688770099715e-07,1.05973688424917,2.2604064784752,1.24656425209966e-06
83.5,1.95693306143952e-07,3.90740792965201e-07,1.17062988657863,2.17271842845481,1.37701294077972e-06
83.55,2.14806776473915e-07,3.72932862968758e-07,1.27675560811506,2.0698546649355,1.50185432238099e-06
83.6,2.32920738532939e-07,3.51021956827039e-07,1.37737768703052,1.952751108588,1.62022200300044e-06
83.65,2.49892127465022e-07,3.27442926616868e-07,1.4718154330581,1.82273584905711,1.73131500582922e-06
83.7,2.65657106110964e-07,3.03452466000056e-07,1.55946348647969,1.68146903795925,1.83442109213233e-06
83.75,2.8020735139158e-07,2.78661814569092e-07,1.6398066942518,1.53086981520103,1.92893430976819e-06
83.8,2.9349815055022e-07,2.52528562331782e-07,1.71242974640599,1.37302647675535,2.0143661717751e-06
83.85,3.05437135070499e-07,2.24548289028977e-07,1.7770240865029,1.21008514839939,2.09035376521113e-06
83.9,3.15936513491951e-07,1.95142953543783e-07,1.83338860641804,1.04417114772603,2.15666047492542e-06
83.95,3.24928664705599e-07,1.6462227328071e-07,1.88142546288825,0.877286592771172,2.21317117175787e-06
84,3.32407971585375e-07,1.3478653912804e-07,1.92113127090675,0.711240703686452,2.25988168426719e-06
84.05,3.3842618861678e-07,1.06020901781941e-07,1.95258910430313,0.547609560969853,2.29688969464086e-06
84.1,3.43042249956795e-07,7.87190066177581e-08,1.97595470875737,0.387696291615563,2.32437837068578e-06
84.15,3.46306494791233e-07,5.2037312367132e-08,1.99143856956771,0.232523597673795,2.34259540264441e-06
84.2,3.48241190261463e-07,2.521832489175e-08,1.99929825710014,0.0828389963215124,2.35184385956032e-06
84.25,3.4883825560567e-07,-1.13115001270038e-09,1.99982229822074,-0.0608651299443866,2.3524630820881e-06
84.3,3.48144619375825e-07,-2.61522557191452e-08,1.99331631623253,-0.198319691999701,2.34481249550047e-06
84.35,3.46248454482411e-07,-4.93609336177102e-08,1.98009551488287,-0.329454969848458,2.32926283435072e-06
84.4,3.43239207740711e-07,-7.08365403161753e-08,1.96047471566737,-0.454361976619167,2.30618444285246e-06
84.45,3.39185142367858e-07,-9.12333014197207e-08,1.93475984273226,-0.573252936548837,2.27593725946951e-06
84.5,3.34120524390514e-07,-1.1126049797562e-07,1.90324443705683,-0.68644032677716,2.2388666616969e-06
84.55,3.28064968060323e-07,-1.30809753695086e-07,1.86620458116266,-0.794302293053661,2.19529740393382e-06
84.6,3.21052327136223e-07,-1.49538309296347e-07,1.82389609093562,-0.897255645929446,2.14553037553025e-06
84.65,3.13133279813923e-07,-1.67024703152484e-07,1.77655349737645,-0.995741641438672,2.08984141937365e-06
84.7,3.04373833970595e-07,-1.83271836950989e-07,1.724388907215,-1.09020643846549,2.02848004455172e-06
84.75,2.94826670343524e-07,-1.98478892602041e-07,1.66759259073631,-1.18108383455239,1.96167009382047e-06
84.8,2.84523220677512e-07,-2.13620149284858e-07,1.60633352450448,-1.26878751384331,1.88961044296824e-06
84.85,2.73466249974331e-07,-2.28503736704673e-07,1.54076043329136,-1.35370110946338,1.81247602209801e-06
84.9,2.61649090378254e-07,-2.43892176559951e-07,1.47100386039207,-1.43616933904329,1.73042047426625e-06
84.95,2.49078987527959e-07,-2.59089036447804e-07,1.39717914422816,-1.5164873481853,1.64357940288947e-06
85,2.35734366556592e-07,-2.7327573058002e-07,1.31938738720944,-1.59489851913013,1.55207165219071e-06
85.05,2.21629707888466e-07,-2.8754899594049e-07,1.23771854234735,-1.67158813560567,1.45600315260091e-06
85.1,2.07035107013266e-07,-2.97654274527667e-07,1.15225450321888,-1.74667466845922,1.35546979055986e-06
85.15,1.92048549183731e-07,-3.04677903403393e-07,1.06307575215018,-1.82019753341427,1.25056635469553e-06
85.2,1.76563282604442e-07,-3.16004235046276e-07,0.970261801956992,-1.89211634046508,1.14138715622562e-06
85.25,1.60414151202285e-07,-3.37251905609571e-07,0.873893934449087,-1.96230362859517,1.02802840140326e-06
85.3,1.43184531446025e-07,-3.56594850799286e-07,0.774064232906264,-2.03052296684334,9.10597166048704e-07
85.35,1.24799524080027e-07,-3.68158737093489e-07,0.670879823689581,-2.09642875111147,7.89218848302859e-07
85.4,1.06134232297638e-07,-3.70382044014275e-07,0.564467629365453,-2.15955857275545,6.64042587351782e-07
85.45,8.73346186443656e-08,-3.72007043786671e-07,0.454979881512787,-2.21932741511999,5.35248379074942e-07
85.5,6.86640000388991e-08,-3.81841196978985e-07,0.342602392005812,-2.27501793721403,4.0305572792516e-07
85.55,4.93630883607623e-08,-4.00008676545888e-07,0.22756033018478,-2.32577728511976,2.67729521776491e-07
85.6,2.90469119958051e-08,-4.18523532203447e-07,0.110123502309691,-2.37061997904951,1.29586302678869e-07
85.65,7.83622515375901e-09,-4.26581940831684e-07,-0.00938478446132696,-2.40843872184308,-1.09947489530045e-08
85.7,-1.36311920602324e-08,-4.2485214587054e-07,-0.130583386382064,-2.43803461085109,-1.53565209656125e-07
85.75,-3.49795764853021e-08,-4.20242760017798e-07,-0.253030508667643,-2.45813729076002,-2.97604652976593e-07
85.8,-5.5997231072609e-08,-4.20674837634262e-07,-0.376217513689537,-2.46744087970587,-4.42513916226578e-07
85.85,-7.69426177750061e-08,-4.27819467177719e-07,-0.499572863304212,-2.46467553918098,-5.87620502579043e-07
85.9,-9.84554925788431e-08,-4.35036569913712e-07,-0.622463792811014,-2.44864022102588,-7.32180767209462e-07
85.95,-1.20193138631209e-07,-4.33501467774481e-07,-0.744198247580175,-2.41828735546231,-8.75381550411482e-07
86,-1.41697380223066e-07,-4.21983050298644e-07,-0.864039811399418,-2.37280614658025,-1.01635670889583e-06
86.05,-1.62449693064081e-07,-4.06913851281891e-07,-0.981217982244302,-2.31167624653294,-1.1541991961712e-06
86.1,-1.8241185826636e-07,-3.9264805281796e-07,-1.09494367185138,-2.23473476204296,-1.28798032089461e-06
86.15,-2.01699664536854e-07,-3.79426988594902e-07,-1.20443153706176,-2.14221567166046,-1.41677623022811e-06
86.2,-2.20322178328578e-07,-3.64995859462586e-07,-1.30891627421491,-2.03477038174855,-1.53968690731181e-06
86.25,-2.38143006691658e-07,-3.46810273475663e-07,-1.40767715826019,-1.91345930501944,-1.65586480519799e-06
86.3,-2.5493068493285e-07,-3.24026216848314e-07,-1.50005502478804,-1.7797219852633,-1.76453461392017e-06
86.35,-2.70481419358721e-07,-2.97519540186791e-07,-1.5854711694796,-1.63530845498362,-1.86501549054452e-06
86.4,-2.84674571097833e-07,-2.69588419131267e-07,-1.66344088397617,-1.48220139239553,-1.95673701322556e-06
86.45,-2.97448666844243e-07,-2.41660643279644e-07,-1.73358181382346,-1.32252180630463,-2.03924925433522e-06
86.5,-3.0882750119698e-07,-2.13906064114889e-07,-1.79561907044864,-1.15841659546081,-2.11222883466721e-06
86.55,-3.18809294544595e-07,-1.85748299453753e-07,-1.84938454147618,-0.991982063787739,-2.17547805826407e-06
86.6,-3.27387697154683e-07,-1.56832257208179e-07,-1.89481131549605,-0.825167595608535,-2.22891825220975e-06
86.65,-3.34501275367911e-07,-1.27171798912577e-07,-1.93192392305429,-0.659712809777294,-2.27257827120929e-06
86.7,-3.40136285021138e-07,-9.76306301596125e-08,-1.96082971788403,-0.497110689483764,-2.30658430839214e-06
86.75,-3.4428442882759e-07,-6.89657025525066e-08,-1.98170342722015,-0.338577333346616,-2.33114182200245e-06
86.8,-3.47038149194657e-07,-4.20418424484377e-08,-1.99477142045661,-0.185048789510488,-2.34651700745809e-06
86.85,-3.48489395578632e-07,-1.65927574125492e-08,-2.00030252721706,-0.037190031188346,-2.35302612675868e-06
86.9,-3.48704982579449e-07,8.08677784833868e-09,-1.99859214364738,0.104580660511622,-2.35101673927152e-06
86.95,-3.4770067873896e-07,3.23328532801612e-08,-1.98994963634762,0.240059785206829,-2.34085279944923e-06
87,-3.45502402382524e-07,5.57914739730075e-08,-1.97469113757471,0.369232268143994,-2.32290614777758e-06
87.05,-3.42146356693021e-07,7.80357374649684e-08,-1.95312947530199,0.492230837494962,-2.29754473011879e-06
87.1,-3.37714383220031e-07,9.86711032991101e-08,-1.92556706542823,0.609301113581271,-2.26512424764406e-06
87.15,-3.32286428299309e-07,1.17931196600133e-07,-1.89229249591059,0.720779515856532,-2.22598420135276e-06
87.2,-3.25931695235032e-07,1.36270494006949e-07,-1.85357578488642,0.827059450842187,-2.18044227114818e-06
87.25,-3.1867615734647e-07,1.5417298534244e-07,-1.80966615926499,0.928567064850756,-2.12879168257065e-06
87.3,-3.10537246194815e-07,1.71617199086949e-07,-1.76079122697839,1.02574705394595,-2.07130017676404e-06
87.35,-3.01532918240223e-07,1.88421179780489e-07,-1.70715612127025,1.11904378251959,-2.00820904019123e-06
87.4,-2.91701221607499e-07,2.04353063002737e-07,-1.64894439868182,1.20888496610441,-1.93973417260885e-06
87.45,-2.81087989866732e-07,2.19256335697138e-07,-1.58631862475478,1.29567570375147,-1.86606678923814e-06
87.5,-2.69738767809455e-07,2.33505455244864e-07,-1.51942147813299,1.37978872294809,-1.78737476752745e-06
87.55,-2.57734459417572e-07,2.47192663638064e-07,-1.44837847353064,1.46155421930026,-1.70380576466493e-06
87.6,-2.45060112857427e-07,2.61133504252004e-07,-1.37330040940513,1.54125188565158,-1.61549020272577e-06
87.65,-2.31762673070975e-07,2.76514391259579e-07,-1.29428468537972,1.61910778408665,-1.52254278129972e-06
87.7,-2.17841133216751e-07,2.92512886430977e-07,-1.21141826242697,1.69528706046555,-1.42506570912254e-06
87.75,-2.02898848061345e-07,3.07399175392156e-07,-1.1247813994076,1.76988600983545,-1.32315321546526e-06
87.8,-1.86970359662005e-07,3.19273228132539e-07,-1.03445427504752,1.84291767791865,-1.21689941741304e-06
87.85,-1.70556083575082e-07,3.26054099771833e-07,-0.940517223668158,1.91431133728876,-1.10639859603681e-06
87.9,-1.5410540899194e-07,3.29828493590913e-07,-0.843053849979739,1.98390824556505,-9.91749318256634e-07
87.95,-1.37312077052036e-07,3.42664524448877e-07,-0.742160563528026,2.05144551977816,-8.7306626463196e-07
88,-1.19777135353098e-07,3.62640277847304e-07,-0.637949852520665,2.1165426982782,-7.50481556750444e-07
88.05,-1.01258049354479e-07,3.80408450457655e-07,-0.53055546217974,2.17869656813767,-6.24151539840668e-07
88.1,-8.19261363423916e-08,3.91149574393066e-07,-0.420139596501912,2.23727657078281,-4.94266512906118e-07
88.15,-6.21597781955196e-08,3.95991796606409e-07,-0.306899932409374,2.29152138711252,-3.61059129198881e-07
88.2,-4.21144691412884e-08,3.9947038030436e-07,-0.191074516331978,2.34053829941819,-2.24809888779917e-07
88.25,-2.19882298555326e-08,4.05977490425683e-07,-0.0729498319723407,2.38330437464618,-8.58562551523874e-08
88.3,-1.60573669098417e-09,4.16774950647737e-07,0.0471328815434902,2.41868766470089,5.54002269694018e-08
88.35,1.94320313331447e-08,4.28791654124918e-07,0.168775313686885,2.44545935900296,1.98491333899837e-07
88.4,4.09823200317596e-08,4.35442258638689e-07,0.291514011465057,2.46232534511512,3.42872582508876e-07
88.45,6.28806893749746e-08,4.33498391827133e-07,0.414820915012344,2.46798865085989,4.87923136851808e-07
88.5,8.44812516688057e-08,4.2735070064745e-07,0.538105166966989,2.46119137551331,6.32947487892585e-07
88.55,1.05762121838214e-07,4.2223745208536e-07,0.660713355631925,2.44077494928836,7.77176452440518e-07
88.6,1.26759744070704e-07,4.20708725506367e-07,0.781938940614049,2.40576505926432,9.19778633121511e-07
88.65,1.47708820812643e-07,4.17748723386748e-07,0.901034099081348,2.35543059738512,1.0598748670835e-06
88.7,1.68413435382896e-07,4.09537720633331e-07,1.01721947390068,2.28935364087663,1.19654877061739e-06
88.75,1.88571871085422e-07,3.95274209915908e-07,1.12970596535845,2.207491927144,1.32887218170578e-06
88.8,2.07899677913026e-07,3.77059309530894e-07,1.23771150555902,2.11020905116654,1.4559249045213e-06
88.85,2.26244212555751e-07,3.56902730428623e-07,1.34048260104599,1.9982881580436,1.57682036600156e-06
88.9,2.43566200316727e-07,3.35872309299278e-07,1.43731594438262,1.87291427498202,1.69073112786703e-06
88.95,2.59816549223668e-07,3.13871283424738e-07,1.52757541609265,1.73563277469978,1.79690891006474e-06
89,2.74916126347912e-07,2.89839309368755e-07,1.61071103162906,1.58827367566988,1.89470685760632e-06
89.05,2.88752804223061e-07,2.63311858692566e-07,1.68626887044169,1.4328766752522,1.98359105631336e-06
89.1,3.01213287025821e-07,2.34625092049765e-07,1.75390019360826,1.27157637162161,2.06315123664577e-06
89.15,3.12225560984232e-07,2.04967959093847e-07,1.81336347781691,1.10651660036869,2.13310316086345e-06
89.2,3.21730191817569e-07,1.75232190189242e-07,1.86452381713002,0.939759662919312,2.19328804037334e-06
89.25,3.29740298195039e-07,1.46168187899131e-07,1.90734298914033,0.773189386963048,2.24366083377884e-06
89.3,3.36326136100343e-07,1.17918763637508e-07,1.94187305821648,0.608476479541345,2.2842827712358e-06
89.35,3.41511403391762e-07,8.9857245460492e-08,1.96824495164189,0.447026899450035,2.3153079331976e-06
89.4,3.45320372521064e-07,6.1788156448191e-08,1.98664991678411,0.289969143666352,2.33696131140751e-06
89.45,3.47724021572964e-07,3.40825193263486e-08,1.99732935646907,0.138152329635897,2.34952683763865e-06
89.5,3.48768794340572e-07,7.63897726661258e-09,2.0005621209161,-0.0078387970391165,2.35333243883281e-06
89.55,3.48517107218506e-07,-1.69617823084903e-08,1.99664878036674,-0.147654929432302,2.34873162545043e-06
89.6,3.47078960569469e-07,-4.00464560510119e-08,1.98590196034396,-0.281155983799962,2.33609218454358e-06
89.65,3.44514550054278e-07,-6.21522598900355e-08,1.96863779183658,-0.408377866607529,2.3157860489336e-06
89.7,3.4087648938857e-07,-8.36486730414662e-08,1.94516621665962,-0.529490850216152,2.28817785323445e-06
89.75,3.36176290531938e-07,-1.04488550544584e-07,1.91578594061886,-0.644773155131909,2.25361897087543e-06
89.8,3.3045883604903e-07,-1.24287496478083e-07,1.88078008872743,-0.754582015288719,2.21244241153249e-06
89.85,3.23768738923927e-07,-1.4279041650869e-07,1.84041229505713,-0.859322255289055,2.1649582705986e-06
89.9,3.16185524499688e-07,-1.60070147234082e-07,1.79492515870204,-0.959427889105359,2.11145193378998e-06
89.95,3.07756560479233e-07,-1.76552976277242e-07,1.74453928117303,-1.05534568288228,2.0521829474854e-06
90,2.98531419886575e-07,-1.92652382599646e-07,1.68945298898621,-1.14751606762036,1.98738465383689e-06
90.05,2.88511264321783e-07,-2.08571548063277e-07,1.62984312575744,-1.2363608481944,1.91726510174728e-06
90.1,2.7773906055103e-07,-2.24323710465148e-07,1.56586606911021,-1.32227534134934,1.84200824523838e-06
90.15,2.66176730590317e-07,-2.39418211404614e-07,1.49765830731788,-1.40562132982909,1.76177458872282e-06
90.2,2.53819903883004e-07,-2.53446377476488e-07,1.42534082445961,-1.48671286211376,1.67670640710292e-06
90.25,2.40766926649731e-07,-2.66252663253784e-07,1.34902018149602,-1.56581257008771,1.5869290354969e-06
90.3,2.27114471167619e-07,-2.77701745820769e-07,1.26878976402321,-1.64312889642062,1.49255231249646e-06
90.35,2.12854045987345e-07,-2.89962584615745e-07,1.18473456700116,-1.71880636540553,1.39367644908247e-06
90.4,1.98027218866988e-07,-3.05128054998929e-07,1.09693478695008,-1.79291639846642,1.29039600364819e-06
90.45,1.82451292368493e-07,-3.21021065796573e-07,1.00546922358927,-1.86544834783846,1.18280344193449e-06
90.5,1.66090852725676e-07,-3.36436833526909e-07,0.910418362831373,-1.93630564643502,1.07099331557737e-06
90.55,1.49051019420444e-07,-3.47439553025091e-07,0.811869631088999,-2.0052944496988,9.55068053048893e-07
90.6,1.31435554260988e-07,-3.53081392556401e-07,0.709924513974605,-2.0721123793546,8.35146935740039e-07
90.65,1.13540158081652e-07,-3.6052182461808e-07,0.604701605731921,-2.13634507046893,7.11370224083643e-07
90.7,9.52394606934639e-08,-3.69888710663503e-07,0.496342386248815,-2.19745336501807,5.83904359426429e-07
90.75,7.6285723959391e-08,-3.86932057542782e-07,0.385018896693887,-2.25476846234267,4.52952325353464e-07
90.8,5.65260931873032e-08,-4.06700808486975e-07,0.270941819291137,-2.30748558815213,3.1876143369849e-07
90.85,3.58984480781828e-08,-4.15918360739615e-07,0.154362975825634,-2.35466610311429,1.81626513722348e-07
90.9,1.49743135722803e-08,-4.18168981603133e-07,0.0355849327025698,-2.3952490157102,4.19038625341578e-08
90.95,-5.72883225970729e-09,-4.12588673472266e-07,-0.0850328574928749,-2.4280667341136,-9.99837738121432e-08
91,-2.63040641287676e-08,-4.14229540141487e-07,-0.207071371350618,-2.45187799672072,-2.43541898297853e-07
91.05,-4.72303760628851e-08,-4.26489106488642e-07,-0.330048778564625,-2.46538395157314,-3.8820335889417e-07
91.1,-6.88988863800666e-08,-4.37315064897676e-07,-0.453416338749557,-2.46728498552778,-5.33323921406993e-07
91.15,-9.08866561186154e-08,-4.38370661901356e-07,-0.576563252895787,-2.45634747946538,-6.78185958672083e-07
91.2,-1.12658432889666e-07,-4.30711906284551e-07,-0.69881876223859,-2.43146025517597,-8.22000321829793e-07
91.25,-1.33861504429269e-07,-4.18125558442751e-07,-0.819461325721127,-2.39171783376008,-9.63917837486563e-07
91.3,-1.54497576049715e-07,-4.0787498286142e-07,-0.937732133622884,-2.33648488011108,-1.10304512575863e-06
91.35,-1.74678666161023e-07,-3.99391470524545e-07,-1.05284636803252,-2.26545613567176,-1.23845903695755e-06
91.4,-1.94410719649651e-07,-3.89346102309616e-07,-1.16401545928787,-2.17871250450824,-1.36923229867228e-06
91.45,-2.13524449434463e-07,-3.74554687866247e-07,-1.27046377400623,-2.07674730267019,-1.49445284066583e-06
91.5,-2.31776185317812e-07,-3.54371648526959e-07,-1.37145134258864,-1.96047148302602,-1.61325027802704e-06
91.55,-2.48922347441663e-07,-3.30667227284859e-07,-1.46629402407318,-1.83118902315269,-1.72481963421278e-06
91.6,-2.64815711311099e-07,-3.05247079652761e-07,-1.55438072023306,-1.69054445591693,-1.82844186227858e-06
91.65,-2.79429540490492e-07,-2.79334310604548e-07,-1.63519064078679,-1.54044223974125,-1.9235042090985e-06
91.7,-2.92742087127261e-07,-2.53053093432567e-07,-1.70830210566108,-1.38296565026346,-2.00951062414877e-06
91.75,-3.0472161816096e-07,-2.25865510498238e-07,-1.77339994157332,-1.22026023304738,-2.0860904143832e-06
91.8,-3.15300907597604e-07,-1.97367542376962e-07,-1.83027611320987,-1.05445260514194,-2.15299890290854e-06
91.85,-3.24423711022874e-07,-1.67408042935473e-07,-1.87882736853298,-0.887558754006377,-2.21011464654848e-06
91.9,-3.3204190117626e-07,-1.3708077437853e-07,-1.91904461123644,-0.721399566563839,-2.25742682983848e-06
91.95,-3.38167759235784e-07,-1.0758034281438e-07,-1.95100549279399,-0.557567208888865,-2.29502667123354e-06
92,-3.42844926811552e-07,-7.95956137266775e-08,-1.97486227792009,-0.397381809757832,-2.32309321267453e-06
92.05,-3.46139978577873e-07,-5.30605538420262e-08,-1.99082263467663,-0.241884159971614,-2.34187074853076e-06
92.1,-3.48134267680183e-07,-2.69424579037049e-08,-1.99914140899498,-0.0918379905024242,-2.3516591719697e-06
92.15,-3.48831317217811e-07,-1.10099381036897e-09,-2.00010580053236,0.0522499627185734,-2.3527963410616e-06
92.2,-3.48255718435556e-07,2.41624676470807e-08,-1.99402082708605,0.190097870936357,-2.3456410274935e-06
92.25,-3.46452107327983e-07,4.79638322421722e-08,-1.98120129299332,0.321624564244648,-2.3305634538622e-06
92.3,-3.43498587026933e-07,7.00338129186523e-08,-1.96196238885892,0.446912599883893,-2.30793436187219e-06
92.35,-3.39472254943332e-07,9.04699267751063e-08,-1.93661084431697,0.566167597681149,-2.27811457890101e-06
92.4,-3.34449347324236e-07,1.10132832812287e-07,-1.90544105923273,0.679696598913317,-2.2414505087194e-06
92.45,-3.28458542022579e-07,1.29292536628172e-07,-1.86873035327796,0.787874902186283,-2.19826840086712e-06
92.5,-3.21530089932734e-07,1.4801429373818e-07,-1.82673588719573,0.891118043390344,-2.14887076965419e-06
92.55,-3.13686293014618e-07,1.65862916725578e-07,-1.77969351412792,0.989865992027444,-2.09353501180529e-06
92.6,-3.04978435827712e-07,1.82616409004614e-07,-1.72781673974035,1.08456525533418,-2.03251225834932e-06
92.65,-2.95449381936471e-07,1.98065686208394e-07,-1.67129713194121,1.17565109917308,-1.9660278355006e-06
92.7,-2.85163380189134e-07,2.12926546587115e-07,-1.6103049795372,1.2635382181046,-1.89428213547261e-06
92.75,-2.74131470600088e-07,2.27306008708312e-07,-1.54499033981527,1.34861231553657,-1.81745168732104e-06
92.8,-2.6238377723673e-07,2.42160090872367e-07,-1.47548462051126,1.43122135593885,-1.73569117134655e-06
92.85,-2.49920116273068e-07,2.57478147040785e-07,-1.40190403304255,1.51166405702257,-1.64913729010221e-06
92.9,-2.3669867085354e-07,2.72458931515813e-07,-1.32435051923467,1.59018706762535,-1.55790987707153e-06
92.95,-2.22766152664998e-07,2.89048972981459e-07,-1.24291494978706,1.66697894904538,-1.46211603166159e-06
93,-2.08126950625546e-07,3.01330748003266e-07,-1.15767907867218,1.74216284567352,-1.36185130101212e-06
93.05,-1.92853571996678e-07,3.07849193843381e-07,-1.06872321649864,1.8157829491071,-1.25721000419313e-06
93.1,-1.77120097191812e-07,3.14141867167847e-07,-0.976127334301229,1.88780277119402,-1.14828679700985e-06
93.15,-1.61213368316716e-07,3.25601355491933e-07,-0.879972751856379,1.9580999734051,-1.03517790657838e-06
93.2,-1.44773275177545e-07,3.39212849929118e-07,-0.78035031714262,2.02644810712979,-9.17989883245101e-07
93.25,-1.2699187010691e-07,3.66291817005958e-07,-0.67736493602804,2.09251574107264,-7.96847322859909e-07
93.3,-1.07814237970987e-07,3.94597802857477e-07,-0.57114363694317,2.15584232571735,-6.71898364854659e-07
93.35,-8.79393953915995e-08,3.92452607833545e-07,-0.461836726882698,2.21583818938752,-5.43316485654051e-07
93.4,-6.84608319871022e-08,3.80262891576268e-07,-0.349627199085373,2.27179851184105,-4.11319095220747e-07
93.45,-4.97331525431014e-08,3.80767288719675e-07,-0.234737964094325,2.32288516464262,-2.7617080519162e-07
93.5,-3.04263756949844e-08,3.98143269673754e-07,-0.117436215969441,2.36812475076476,-1.38186365365466e-07
93.55,-9.99685943680318e-09,4.20292310688146e-07,0.00195879968463386,2.40641660310733,2.25995790162502e-09
93.6,1.15729506893557e-08,4.35362069123508e-07,0.123069737510039,2.43656198930682,1.44725527504137e-07
93.65,3.34455106467759e-08,4.36425865296249e-07,0.245458140295235,2.45728920405576,2.88695299685619e-07
93.7,5.5090426138004e-08,4.29325858109403e-07,0.368620046282712,2.46729609005289,4.33575831021292e-07
93.75,7.63596259926632e-08,4.23345983017963e-07,0.491987699895338,2.46530664546089,5.78698272767011e-07
93.8,9.74931753875504e-08,4.22414899780899e-07,0.614930847506761,2.45011676835058,7.23320821280771e-07
93.85,1.18675760754673e-07,4.2513468660257e-07,0.736761596404281,2.42067313174588,8.66634430774723e-07
93.9,1.39905498419201e-07,4.23437776280691e-07,0.856746526567203,2.3761436207617,1.00777720223482e-06
93.95,1.60879954935493e-07,4.14535965648846e-07,0.974115348578701,2.31598487566754,1.14584331003372e-06
94,1.81259650614943e-07,3.99392052927371e-07,1.08808099436647,2.24001118021022,1.27990679629942e-06
94.05,2.0080221565469e-07,3.81675714736782e-07,1.19785621518641,2.14843113566373,1.409041205647e-06
94.1,2.19418348387633e-07,3.63370502475826e-07,1.30267416846686,2.04187158819791,1.53234426472335e-06
94.15,2.37110606767892e-07,3.44354184336136e-07,1.40181082632894,1.92137002244603,1.64896428633819e-06
94.2,2.538247890429e-07,3.23675538271983e-07,1.49460226675871,1.78834417851933,1.75812037527068e-06
94.25,2.6943361282459e-07,3.00122099741423e-07,1.58046511414438,1.64452521412817,1.85912641343631e-06
94.3,2.83785792129733e-07,2.73563371021134e-07,1.65890785145004,1.49188823068763,1.95140422539004e-06
94.35,2.9675288629139e-07,2.4481886400759e-07,1.72954195762164,1.33254142451886,2.03449669355039e-06
94.4,3.0827605775629e-07,2.1532258176695e-07,1.79208578953178,1.16863845022629,2.10807235999456e-06
94.45,3.18309712611721e-07,1.8611337581221e-07,1.8463651905867,1.00228409839258,2.17192624868064e-06
94.5,3.2688025434862e-07,1.57539615519173e-07,1.89230618275869,0.83543178712266,2.22597129991481e-06
94.55,3.34033534129025e-07,1.29204798359301e-07,1.92992873652192,0.669841417929005,2.27023104742887e-06
94.6,3.39773215335917e-07,1.00571011805345e-07,1.95933656538896,0.507020681298553,2.30482754979315e-06
94.65,3.44099036173188e-07,7.17202430127851e-08,1.9806984055881,0.348202255604746,2.32995928887584e-06
94.7,3.46987271215242e-07,4.36502181780162e-08,1.99423930240836,0.194338818268678,2.3458908885107e-06
94.75,3.48505370279103e-07,1.71396802814301e-08,2.00022621986735,0.0461114581951533,2.35293630609571e-06
94.8,3.48727816869172e-07,-7.51542840991049e-09,1.99895209406563,-0.0960440915612846,2.35144010175463e-06
94.85,3.47753631818453e-07,-3.09903213986699e-08,1.99072652837162,-0.231915084017024,2.34176654416243e-06
94.9,3.45628656600947e-07,-5.37330956154719e-08,1.97586575926011,-0.361476426892766,2.3242876808449e-06
94.95,3.42394006346466e-07,-7.59456343983109e-08,1.95468230357648,-0.484849458133878,2.2993711578723e-06
95,3.38066641085613e-07,-9.72550085821633e-08,1.92747990814819,-0.60227711349802,2.26737424431038e-06
95.05,3.32703487637071e-07,-1.1727479466093e-07,1.89454813806769,-0.714091086168427,2.2286375253188e-06
95.1,3.26360964397075e-07,-1.35821615718523e-07,1.8561580101898,-0.820679213013295,2.18347978847443e-06
95.15,3.19121938516216e-07,-1.53306827099314e-07,1.81256024529884,-0.922467980414013,2.13219600896959e-06
95.2,3.11024531670986e-07,-1.7017449493048e-07,1.76398375355087,-1.01990224208929,2.07505550881325e-06
95.25,3.02107315542554e-07,-1.86795773312455e-07,1.71063517397006,-1.11342528894946,2.01230140400392e-06
95.3,2.92371065381555e-07,-2.03105488194508e-07,1.65269933076247,-1.20346693817498,1.94415110304727e-06
95.35,2.81856582838349e-07,-2.19072849964413e-07,1.59033991530966,-1.29043460818304,1.8707971587668e-06
95.4,2.70544292315663e-07,-2.33895882242728e-07,1.52370060726595,-1.37470370981186,1.79240850227965e-06
95.45,2.58469765188412e-07,-2.47391946958215e-07,1.45290858349014,-1.45660485087834,1.70913471707495e-06
95.5,2.45746377230679e-07,-2.60195725619661e-07,1.37807498323097,-1.53642206792804,1.62110660707173e-06
95.55,2.32376363597881e-07,-2.72293619419984e-07,1.2992976329087,-1.61438574949631,1.5284392475782e-06
95.6,2.18381357880557e-07,-2.86208219614646e-07,1.21666422155338,-1.69066597774805,1.4312360559375e-06
95.65,2.03734014491196e-07,-3.0227001350077e-07,1.13025703026791,-1.76536013014507,1.32959385716701e-06
95.7,1.8828379210709e-07,-3.17273200995761e-07,1.04015452312537,-1.83848885073667,1.22360461387162e-06
95.75,1.72111464670452e-07,-3.31515139746059e-07,0.946435712937455,-1.90999024554398,1.11336130297221e-06
95.8,1.55342563786604e-07,-3.40546415873716e-07,0.849184837996909,-1.97970784485464,9.98962548567557e-07
95.85,1.3810390759658e-07,-3.45915274013484e-07,0.748498466643132,-2.04738031488821,8.80522110472082e-07
95.9,1.20565663965474e-07,-3.55856324300774e-07,0.64448738124289,-2.1126385897845,7.58171172917803e-07
95.95,1.02529939508559e-07,-3.68244645803467e-07,0.537283374328916,-2.17498988013854,6.32064544492263e-07
96,8.35883757135975e-08,-3.87420095302006e-07,0.427046481005925,-2.23381451568779,5.02390937153724e-07
96.05,6.37085865074966e-08,-4.05923187540675e-07,0.313972927319485,-2.28835645117476,3.69380393323619e-07
96.1,4.31252518930021e-08,-4.10007181547147e-07,0.19829742310963,-2.33772580742477,2.33307563369313e-07
96.15,2.24409445222205e-08,-4.08626050028709e-07,0.0803031409697283,-2.38090853510027,9.45064960874453e-08
96.2,2.29322199789672e-09,-4.05372523723032e-07,-0.0396719460524492,-2.41677665466919,-4.66248604135221e-08
96.25,-1.79223610378008e-08,-4.13962410295051e-07,-0.161232060434693,-2.44411540998222,-1.89619494775884e-07
96.3,-3.8685096877145e-08,-4.32453123586037e-07,-0.283919988127944,-2.46163846087585,-3.33939774170931e-07
96.35,-6.0654663494843e-08,-4.45485134702557e-07,-0.407210624310322,-2.4680323475444,-4.7896961595543e-07
96.4,-8.33770947670559e-08,-4.43873143203727e-07,-0.530516290413019,-2.46203930649514,-6.24018679707666e-07
96.45,-1.0529621027856e-07,-4.25520865984192e-07,-0.653188771552046,-2.4424913949356,-7.68324667622095e-07
96.5,-1.26212344175134e-07,-4.10296510130405e-07,-0.774523174896466,-2.40839984447691,-9.1105629714606e-07
96.55,-1.46385399249954e-07,-4.05950074335086e-07,-0.893773345473231,-2.35902460199732,-1.05133502339761e-06
96.6,-1.6665300543538e-07,-4.06278895977433e-07,-1.01016331379494,-2.29392565905966,-1.18824869855471e-06
96.65,-1.86903000128027e-07,-4.00983899235879e-07,-1.12290242421756,-2.21303210120609,-1.32086833021397e-06
96.7,-2.06630021958392e-07,-3.85655907204426e-07,-1.23120862617302,-2.11668040365138,-1.44827442833975e-06
96.75,-2.25351712437193e-07,-3.62287247233991e-07,-1.33432529429041,-2.00562867704394,-1.56957673751603e-06
96.8,-2.4280583028746e-07,-3.36086806456615e-07,-1.43154551223985,-1.8810384777627,-1.68394313821952e-06
96.85,-2.58988745227839e-07,-3.11180264642353e-07,-1.5222288762838,-1.74443653726074,-1.7906198661246e-06
96.9,-2.7396080543741e-07,-2.88382598309505e-07,-1.60581904421592,-1.59763981251459,-1.88895239006431e-06
96.95,-2.87773179822554e-07,-2.64801854342862e-07,-1.6818565420217,-1.44267218087663,-1.97840051868128e-06
97,-3.00376179748894e-07,-2.38485676359911e-07,-1.74998581186571,-1.28167274293778,-2.05854620203911e-06
97.05,-3.11601427279337e-07,-2.0902100253791e-07,-1.80995870656049,-1.11678114639886,-2.12909757915536e-06
97.1,-3.21351368598347e-07,-1.78268514754985e-07,-1.86163277762537,-0.950064339524526,-2.18988688686012e-06
97.15,-3.29458182308379e-07,-1.4651465460616e-07,-1.90496702762782,-0.783430798203479,-2.24086586824079e-06
97.2,-3.35956665776315e-07,-1.16224908587161e-07,-1.94000613392091,-0.618556409307801,-2.28208681930797e-06
97.25,-3.41070731463514e-07,-9.04011547226963e-08,-1.96687532503326,-0.456868555022605,-2.31369673484813e-06
97.3,-3.44931983999299e-07,-6.52759125937064e-08,-1.98576499607216,-0.299510253701324,-2.33591998012336e-06
97.35,-3.47600023824359e-07,-3.88523552430784e-08,-1.99691365746956,-0.147348664551538,-2.34903733376853e-06
97.4,-3.48871580596357e-07,-1.05721406485895e-08,-2.00059663873357,-0.000984952969652619,-2.35337273457854e-06
97.45,-3.48733960372061e-07,1.67290709691068e-08,-1.99711473343284,0.139220842253799,-2.34927971831638e-06
97.5,-3.47236495665534e-07,4.10510690982475e-08,-1.98678009810622,0.273114242280941,-2.33712527537269e-06
97.55,-3.44627492815002e-07,6.20821679669596e-08,-1.96990818814718,0.40071890359565,-2.3172804544687e-06
97.6,-3.41018611247325e-07,8.17636899476672e-08,-1.94681022202227,0.522202055466973,-2.29011155747432e-06
97.65,-3.36461958600963e-07,1.0154731038881e-07,-1.91778562822112,0.637835088693403,-2.25597096573479e-06
97.7,-3.30900658403918e-07,1.21724342578109e-07,-1.88311836940029,0.747969501924996,-2.21519274541535e-06
97.75,-3.24325715319116e-07,1.4164098069275e-07,-1.84307354204332,0.853010955963204,-2.1680886702199e-06
97.8,-3.16734948384628e-07,1.60781936317688e-07,-1.79789501240469,0.953391224794962,-2.11494555455282e-06
97.85,-3.08255043840156e-07,1.77108371918274e-07,-1.74780475234152,1.04955395784106,-2.05602429725032e-06
97.9,-2.98986169828864e-07,1.91721831390142e-07,-1.69300251268354,1.14194196904199,-1.9915599883758e-06
97.95,-2.89065874001573e-07,2.05845828977197e-07,-1.63366628020568,1.23098030681325,-1.9217621289926e-06
98,-2.78437348369753e-07,2.21171928893583e-07,-1.56995368544904,1.31706556864813,-1.84681632367005e-06
98.05,-2.67149562473582e-07,2.37475893792908e-07,-1.5020033223264,1.40055914070376,-1.76688558180925e-06
98.1,-2.54995670116823e-07,2.54221831309989e-07,-1.42993570876962,1.48178151552406,-1.68211161657297e-06
98.15,-2.41759778442996e-07,2.70757858858886e-07,-1.35385785532991,1.56100005237381,-1.59262023969428e-06
98.2,-2.27690139643666e-07,2.83376838887541e-07,-1.27386540510966,1.6384223129882,-1.49852356930751e-06
98.25,-2.1329962000158e-07,2.8841618850283e-07,-1.19004344016175,1.71419539771831,-1.39992130489498e-06
98.3,-1.98622197593111e-07,2.96802123760086e-07,-1.10247197512117,1.78839913279755,-1.29690872087246e-06
98.35,-1.83515526256067e-07,3.13325766732318e-07,-1.01122960167581,1.861030997333,-1.18957877188454e-06
98.4,-1.67442706231031e-07,3.32507081785894e-07,-0.916396752777821,1.93199800542477,-1.07802549716626e-06
98.45,-1.50441468144811e-07,3.48606542401718e-07,-0.818060636197542,2.00111120978013,-9.62350878095757e-07
98.5,-1.32644119434066e-07,3.58546299846742e-07,-0.716321272984997,2.0680752082553,-8.42672248996754e-07
98.55,-1.1444925205995e-07,3.65057164618976e-07,-0.61129583713929,2.13248204703465,-7.191277333644e-07
98.6,-9.59380200801131e-08,3.72148249608788e-07,-0.503124306141947,2.19380104615451,-5.91882413831763e-07
98.65,-7.72002427764408e-08,3.82840547760327e-07,-0.391977802835503,2.25137086696097,-4.61137906411302e-07
98.7,-5.78091874801144e-08,3.97512065177724e-07,-0.27806311360019,2.30439678678092,-3.27137501163157e-07
98.75,-3.77541739818623e-08,4.11824866398505e-07,-0.161629437778671,2.35194958522173,-1.90173883544235e-07
98.8,-1.68829093235874e-08,4.20033332165516e-07,-0.0429765585822456,2.39297367388024,-5.05990944351532e-08
98.85,4.36904886981924e-09,4.21379640501522e-07,0.0775398444841181,2.42631107200593,9.11685473419871e-08
98.9,2.54572479687066e-08,4.20216110617724e-07,0.199505582069656,2.45071504858124,2.34641357727692e-07
98.95,4.65227239877595e-08,4.23175823320455e-07,0.322440999542249,2.46489050736682,3.79254403374998e-07
99,6.77758118440467e-08,4.29258407340462e-07,0.445802452056653,2.46754485323552,5.24368280601054e-07
99.05,8.93026659605623e-08,4.33186324707307e-07,0.568982922547449,2.4574338756809,6.6926948900228e-07
99.1,1.10968792396149e-07,4.31360463905844e-07,0.691314280144416,2.43343696481953,8.13172461100436e-07
99.15,1.32396474786124e-07,4.23591294192886e-07,0.812079517818523,2.39463544057885,9.55233775668958e-07
99.2,1.53321353005616e-07,4.12619200866987e-07,0.930520072037942,2.34036977773853,1.09456081860728e-06
99.25,1.73637398649285e-07,4.00597456915844e-07,1.04585298998904,2.27031632077715,1.23023234763627e-06
99.3,1.93347091627685e-07,3.87744710719447e-07,1.15728929308941,2.18453072619479,1.36132023582674e-06
99.35,2.12378928244414e-07,3.72944829104511e-07,1.26405143134617,2.08348164265079,1.48690994063758e-06
99.4,2.30588151501845e-07,3.54825537450267e-07,1.36539756405723,1.96805395595546,1.60612895261876e-06
99.45,2.47798853041102e-07,3.33036320995917e-07,1.4606384220157,1.83953001612405,1.71816649649096e-06
99.5,2.63844912140423e-07,3.08317242664739e-07,1.54915901121778,1.69953119175218,1.82229905475336e-06
99.55,2.78610038266149e-07,2.81882747310409e-07,1.63043188727235,1.54995356344082,1.91790604772304e-06
99.6,2.92018528275904e-07,2.54605238734245e-07,1.70402911794603,1.3928669313293,2.00448399146101e-06
99.65,3.04050388348467e-07,2.26707000006705e-07,1.76962894821072,1.23041871343076,2.08165437054238e-06
99.7,3.14675231498958e-07,1.9822207080151e-07,1.82701738927023,1.06474443052501,2.1491654586589e-06
99.75,3.23866551118863e-07,1.69169399400043e-07,1.87608346471147,0.897859251809897,2.2068867082658e-06
99.8,3.31597758891602e-07,1.39723767520614e-07,1.91681309256671,0.731604479213085,2.25480153583634e-06
99.85,3.37851439877999e-07,1.10307265589831e-07,1.94928100720423,0.567586477075261,2.29299780966038e-06
99.9,3.42630015162438e-07,8.13680872169814e-08,1.97363246014877,0.407142426705772,2.32164634714937e-06
99.95,3.46000626279881e-07,5.39517846025615e-08,1.99007273825513,0.251329239237229,2.34098852454445e-06
100,3.48034813234368e-07,2.78089987742147e-08,1.99885528729413,0.100927671228924,2.35132250548254e-06
100.05,3.48795864762757e-07,2.5453387523804e-09,2.00026480875059,-0.0435383303782174,2.35298323609129e-06
100.1,3.48308120653238e-07,-2.21261878108583e-08,1.99460548543901,-0.181775467404106,2.34632856778074e-06
100.15,3.46607338451918e-07,-4.59103272146795e-08,1.98219247408443,-0.313692999840244,2.33172919966766e-06
100.2,3.43736633406565e-07,-6.85230596650545e-08,1.96334058592869,-0.439361279338289,2.30955542564723e-06
100.25,3.39772557992671e-07,-8.96394142575984e-08,1.93835731310636,-0.55898052960358,2.28016892557387e-06
100.3,3.34785507018954e-07,-1.09487926539547e-07,1.90753823509624,-0.672853600579282,2.24391742428976e-06
100.35,3.28840526324745e-07,-1.28322600417849e-07,1.87116163616027,-0.781350439921734,2.20112830433216e-06
100.4,3.21968646003787e-07,-1.46595610143571e-07,1.8294859704266,-0.884885021785776,2.15210564220162e-06
100.45,3.14197496298831e-07,-1.6425662954124e-07,1.78274848024489,-0.983897893580099,2.09712850931636e-06
100.5,3.05554965074454e-07,-1.81251670450968e-07,1.73116407651921,-1.07883467351731,2.03644970742574e-06
100.55,2.96083057200109e-07,-1.97362503053216e-07,1.67492569284699,-1.17013074859088,1.97029616829063e-06
100.6,2.85815457768457e-07,-2.1271253054711e-07,1.61420486000522,-1.25820361423316,1.89886968273107e-06
100.65,2.74809453264691e-07,-2.27294582952912e-07,1.54915247312745,-1.34344195902007,1.82234775337004e-06
100.7,2.63104454885934e-07,-2.41301886941043e-07,1.4799018221913,-1.42619357086961,1.7408871943497e-06
100.75,2.50698351674181e-07,-2.55586091420149e-07,1.40656963588323,-1.50676118912458,1.65462540748839e-06
100.8,2.3770333621963e-07,-2.69756537914058e-07,1.3292588549848,-1.58539478579658,1.56368344460451e-06
100.85,2.2393955311527e-07,-2.84412459643917e-07,1.2480591996017,-1.66229088275869,1.46816690977601e-06
100.9,2.09284500103806e-07,-2.99441662997165e-07,1.16305493474913,-1.73757409120105,1.36817491516201e-06
100.95,1.93835439474482e-07,-3.12912938213287e-07,1.07432701132719,-1.81129165356281,1.26380248290131e-06
101,1.77894472984736e-07,-3.2123905017442e-07,0.98195322009856,-1.88341322730102,1.1551407434018e-06
101.05,1.61561925144193e-07,-3.2781144059002e-07,0.886014841070547,-1.95382165614686,1.0422856663156e-06
101.1,1.44898908931844e-07,-3.40649466801207e-07,0.78660297403275,-2.02229929623813,9.25345259888692e-07
101.15,1.27547451239379e-07,-3.58140852342953e-07,0.683822515653167,-2.08851579045088,8.04442748106246e-07
101.2,1.09310293909836e-07,-3.74866449518313e-07,0.577796767879523,-2.15202334141849,6.79722604956386e-07
101.25,9.02731466177263e-08,-3.85767925728814e-07,0.468674677265159,-2.21224813820305,5.51359509086895e-07
101.3,7.07282051954537e-08,-3.91111141484589e-07,0.356638201558998,-2.26848640666187,4.19567531938306e-07
101.35,5.09219719334172e-08,-3.9474771243221e-07,0.241906460814055,-2.31990354199678,2.84604837818232e-07
101.4,3.092068231663e-08,-4.0157326848519e-07,0.124743871596598,-2.36553044712175,1.46782984868096e-07
101.45,1.07254544937988e-08,-4.14130379932615e-07,0.00546765901208607,-2.40428220825475,6.47540408322882e-09
101.5,-1.0198422374739e-08,-4.27270037767704e-07,-0.115549620239974,-2.43496750936411,-1.35880194770162e-07
101.55,-3.16789386605072e-08,-4.35735852921315e-07,-0.237873597630165,-2.45631568889052,-2.79773401750172e-07
101.6,-5.34981987898524e-08,-4.33607293350101e-07,-0.361003874568762,-2.46702241491028,-4.24616203299334e-07
101.65,-7.5119180182481e-08,-4.26914070913773e-07,-0.484376872957545,-2.46581025660299,-5.69745007399392e-07
101.7,-9.63858721074924e-08,-4.22252121239074e-07,-0.607366396945064,-2.45146750178765,-7.14422502902272e-07
101.75,-1.17474266033144e-07,-4.22387680187618e-07,-0.729286915662173,-2.42292857002906,-8.57841983936134e-07
101.8,-1.38559882340364e-07,-4.21928762100495e-07,-0.849407988542403,-2.37934996886857,-9.99144774639007e-07
101.85,-1.59504402672368e-07,-4.15265824192185e-07,-0.966961756863109,-2.32016613619393,-1.13742820572933e-06
101.9,-1.7996625367734e-07,-4.0157941372907e-07,-1.08116068684199,-2.24516690477737,-1.27176595914035e-06
101.95,-1.99626895858107e-07,-3.83983259017107e-07,-1.19121770652865,-2.15453600323831,-1.40123184598661e-06
102,-2.18344620801171e-07,-3.64841529250788e-07,-1.29636355364012,-2.04887468423991,-1.52492070644974e-06
102.05,-2.36090322139379e-07,-3.45125431730108e-07,-1.39587126486824,-1.92919542815782,-1.64197728517026e-06
102.1,-2.52832052324715e-07,-3.24295318663071e-07,-1.48907263600663,-1.79689493171824,-1.75161560629936e-06
102.15,-2.68485888862928e-07,-3.01260883464601e-07,-1.5753786722688,-1.65368702417772,-1.85314292885417e-06
102.2,-2.82911958209639e-07,-2.75436283887532e-07,-1.65429220683726,-1.50153247341187,-1.94597447928716e-06
102.25,-2.95984167468604e-07,-2.47019072515054e-07,-1.72541787973814,-1.34253774654219,-2.02964516062965e-06
102.3,-3.07612943948048e-07,-2.17492242010281e-07,-1.78846745576634,-1.1788531266059,-2.10381575530284e-06
102.35,-3.17759931254762e-07,-1.87841432200332e-07,-1.8432602589844,-1.01258971231432,-2.16827362392826e-06
102.4,-3.26405731964465e-07,-1.58931080946369e-07,-1.8897167447147,-0.845715583244961,-2.22292510422938e-06
102.45,-3.33628608117258e-07,-1.30632439314009e-07,-1.92785087357468,-0.680000122543495,-2.26778663213787e-06
102.5,-3.3943768138054e-07,-1.02452412719777e-07,-1.95776097937496,-0.51696891046664,-2.30297393316852e-06
102.55,-3.43857696948759e-07,-7.3894284386933e-08,-1.97961409472799,-0.357872179070863,-2.32868354609124e-06
102.6,-3.46858479454008e-07,-4.56425646917175e-08,-1.99363058114888,-0.203679974809644,-2.34517461802351e-06
102.65,-3.48469413429584e-07,-1.86367748877827e-08,-2.0000751685035,-0.0550900210271821,-2.35275846132334e-06
102.7,-3.48763836350636e-07,6.38183572478781e-09,-1.99924065939621,0.0874500869723164,-2.35177943219587e-06
102.75,-3.47844972886044e-07,2.98148521579414e-08,-1.99143513170499,0.22371181637397,-2.34259997601892e-06
102.8,-3.45778955207728e-07,5.23236459705295e-08,-1.97697458347582,0.353659621731973,-2.32559188229961e-06
102.85,-3.42614162391217e-07,7.43631331700006e-08,-1.95617261474299,0.477409823780504,-2.30112409794178e-06
102.9,-3.38365709097309e-07,9.57453061949782e-08,-1.92933318810971,0.595195900105687,-2.26955416530461e-06
102.95,-3.3307598346113e-07,1.16066084913544e-07,-1.89674691063388,0.707344924248065,-2.23122389339036e-06
103,-3.26793083486463e-07,1.34912302273342e-07,-1.85868623469577,0.814244446670666,-2.18645373424369e-06
103.05,-3.19594489780864e-07,1.52452108625089e-07,-1.81540299698148,0.916316879498225,-2.13553995012755e-06
103.1,-3.11539980114493e-07,1.69174769687038e-07,-1.76712759095372,1.0140065400495,-2.07875361267656e-06
103.15,-3.02668142813485e-07,1.85595955726424e-07,-1.71406792429176,1.1077585413772,-2.01633934546867e-06
103.2,-2.92993792602103e-07,2.01853461760349e-07,-1.65641016716643,1.19800339133096,-1.9485161616851e-06
103.25,-2.82539530036275e-07,2.18022998417647e-07,-1.59431953016346,1.28514932087927,-1.8754784124563e-06
103.3,-2.71314602278758e-07,2.33637096152947e-07,-1.52794073480706,1.3695741705913,-1.79739628970565e-06
103.35,-2.59277752685346e-07,2.47614601748887e-07,-1.4574012391485,1.45161369594974,-1.71441961310274e-06
103.4,-2.4650339136487e-07,2.60018844020366e-07,-1.38281393844353,1.531552918159,-1.62668119206842e-06
103.45,-2.33162795682944e-07,2.71839739741469e-07,-1.30427739768612,1.60962551430837,-1.53429707637263e-06
103.5,-2.19219649618985e-07,2.83749051129266e-07,-1.22187990512488,1.68600461706425,-1.43737119338419e-06
103.55,-2.04647699246711e-07,2.98975457547801e-07,-1.1357031031167,1.76079528611733,-1.33599992186438e-06
103.6,-1.89349024237406e-07,3.15902254399772e-07,-1.04582625130469,1.83402252563538,-1.23027632757689e-06
103.65,-1.73209328876549e-07,3.30358237334245e-07,-0.952328242443957,1.90562808157494,-1.12029277576223e-06
103.7,-1.56436973233017e-07,3.41775115988338e-07,-0.855292952568912,1.97546239171398,-1.00614787298918e-06
103.75,-1.3916522237677e-07,3.48182621634892e-07,-0.754815244454187,2.04327137995471,-8.87953002323256e-07
103.8,-1.21530491634182e-07,3.56307381334853e-07,-0.651005588372833,2.1086913407014,-7.65838822107829e-07
103.85,-1.03491447529637e-07,3.66941145634099e-07,-0.543994436114465,2.17123838341915,-6.39958870835371e-07
103.9,-8.47191811815588e-08,3.82867676061843e-07,-0.433939417827973,2.23030035471049,-5.10498867601172e-07
103.95,-6.50859784156299e-08,4.01805870237984e-07,-0.321034294577692,2.28513125590548,-3.77686500364468e-07
104,-4.46923638030548e-08,4.1059141905579e-07,-0.20551177220443,2.33484916472983,-2.41794123435049e-07
104.05,-2.38925491575094e-08,4.12992953146407e-07,-0.0876513071714193,2.3784477619699,-1.03150868275256e-07
104.1,-3.38361383052228e-09,4.10165967994848e-07,0.0322127880363927,2.41480167146539,3.78498796522008e-08
104.15,1.695156785057e-08,4.11590988320931e-07,0.153687771891341,2.44270176419556,1.80745126233005e-07
104.2,3.77924314097175e-08,4.26427571686143e-07,0.27632041505146,2.46086665676233,3.25000757150976e-07
104.25,5.94323054376361e-08,4.38329541620765e-07,0.399590386813706,2.46798635851438,4.70006409605724e-07
104.3,8.15405907444251e-08,4.39688593434335e-07,0.522913662583476,2.46279394832149,6.15075875449656e-07
104.35,1.03410252835827e-07,4.31813350568572e-07,0.645645302200957,2.44411627589283,7.59450350582098e-07
104.4,1.24685398872683e-07,4.20194646831325e-07,0.767083678216089,2.41094846237288,9.02303907295925e-07
104.45,1.45413463087756e-07,4.11122917264708e-07,0.886485526383231,2.36253216861681,1.04276155483984e-06
104.5,1.657938255713e-07,4.04484297619301e-07,1.00307499068299,2.29840757440237,1.17991063783513e-06
104.55,1.85843909485392e-07,3.96368478150387e-07,1.11606259402497,2.21848280272813,1.31282287763948e-06
104.6,2.05342974028418e-07,3.8282133632448e-07,1.22466492906132,2.12306822373869,1.44057714027987e-06
104.65,2.24021727829261e-07,3.63301168129944e-07,1.3281232088336,2.0128952506324,1.56228089437177e-06
104.7,2.41626997284371e-07,3.40143436754481e-07,1.42572719564774,1.88910075848643,1.67709841586779e-06
104.75,2.58021479070149e-07,3.15558832948722e-07,1.5168312572509,1.75319088168914,1.78426999156301e-06
104.8,2.73169981326227e-07,2.90679515536177e-07,1.60087405563257,1.60696470878324,1.88313518015299e-06
104.85,2.87064999995833e-07,2.65171525688597e-07,1.67738944233218,1.45244086894847,1.97314566958163e-06
104.9,2.99669887205646e-07,2.38518731995233e-07,1.7460153168431,1.29174967761993,2.05387556232607e-06
104.95,3.10893719090079e-07,2.10164090587941e-07,1.80649701026706,1.1270365843783,2.12502534083918e-06
105,3.20658508203912e-07,1.80355687087863e-07,1.85868664606282,0.960378696202834,2.18642102650331e-06
105.05,3.28910862075988e-07,1.49675944459024e-07,1.90253481053511,0.793686878699406,2.2380044308919e-06
105.1,3.35653267709083e-07,1.20078678043488e-07,1.93808274195653,0.628659411660621,2.27982385837047e-06
105.15,3.40950235255592e-07,9.17545228167379e-08,1.96545220647992,0.466737371034308,2.31202252677799e-06
105.2,3.44860741108857e-07,6.50252437562205e-08,1.98482843786664,0.309083816845823,2.33481829938071e-06
105.25,3.47446885358038e-07,3.85536873633742e-08,1.99644683194618,0.156581561975216,2.34848822154362e-06
105.3,3.48715453803604e-07,1.22089454955975e-08,2.00058248162085,0.00984649540305171,2.35335590873317e-06
105.35,3.48673013343021e-07,-1.36868520062558e-08,1.99753418611996,-0.130745489239914,2.34977281532548e-06
105.4,3.47373099934706e-07,-3.80096186579029e-08,1.98761328307588,-0.265028769517396,2.33810506064102e-06
105.45,3.44903404092125e-07,-6.05977347472316e-08,1.97113606110536,-0.393019677620719,2.31872468935061e-06
105.5,3.41347146575643e-07,-8.1389492076997e-08,1.94841379729666,-0.514874522712998,2.29199786140247e-06
105.55,3.3677321909991e-07,-1.01408352994107e-07,1.91974661485227,-0.630858749136506,2.258277730275e-06
105.6,3.31208976887115e-07,-1.20976653301584e-07,1.88541987708315,-0.741322001089595,2.21790001303969e-06
105.65,3.24678503448344e-07,-1.40172745671016e-07,1.84569978894852,-0.846665329047926,2.17117786442252e-06
105.7,3.17211800240354e-07,-1.58390483378039e-07,1.8008315621249,-0.94731936602798,2.11839967193057e-06
105.75,3.08863723026721e-07,-1.7552441982101e-07,1.75103858347956,-1.04373007654555,2.05982820247628e-06
105.8,2.99691864818832e-07,-1.91252042665957e-07,1.69652183703786,-1.13633985287247,1.99569984684976e-06
105.85,2.89747852538635e-07,-2.0617374511596e-07,1.63746084897849,-1.22557280306173,1.92622585136778e-06
105.9,2.79062480081804e-07,-2.20942755532032e-07,1.57401434294829,-1.3118288713969,1.85159299714255e-06
105.95,2.67630659126129e-07,-2.35780790911205e-07,1.50632145041355,-1.39547355701083,1.77196497286909e-06
106,2.55454911108017e-07,-2.51311329850149e-07,1.4345047728024,-1.47682797986814,1.6874860646613e-06
106.05,2.42530168835048e-07,-2.66169276603201e-07,1.35867231030922,-1.55616161192174,1.5982831733175e-06
106.1,2.28809068884501e-07,-2.81367691072863e-07,1.27891944026645,-1.63368908486622,1.50446860128314e-06
106.15,2.14412263593106e-07,-2.95001666901411e-07,1.19533119592435,-1.70956387044751,1.40614217568176e-06
106.2,1.99524573295819e-07,-3.03110890544127e-07,1.10798800540597,-1.78386569896336,1.30339809006517e-06
106.25,1.8420949467458e-07,-3.09087505681236e-07,1.01696994927743,-1.85659361918135,1.19633090321359e-06
106.3,1.68442046074413e-07,-3.23116885403144e-07,0.9223569283776,-1.92766555036872,1.0850356776838e-06
106.35,1.52530894643504e-07,-3.41754054424071e-07,0.824235302952168,-1.99690020092433,9.69613639452243e-07
106.4,1.35141366536236e-07,-3.64701231580729e-07,0.722702238154473,-2.06401236946428,8.50179056036104e-07
106.45,1.15795540000599e-07,-3.86819013723959e-07,0.617874851508344,-2.12859720197217,7.26869155914746e-07
106.5,9.58019271818701e-08,-3.88240353054829e-07,0.509893342544059,-2.19012252110322,5.99846769225387e-07
106.55,7.67498940839326e-08,-3.70235910541497e-07,0.398924867538668,-2.24793649792652,4.69308661690469e-07
106.6,5.83586025820237e-08,-3.7239033038255e-07,0.285174325260512,-2.30126417246044,3.3550003060806e-07
106.65,3.93750466890375e-08,-3.93006297322765e-07,0.168888530585566,-2.34918609236739,1.98711034507506e-07
106.7,1.91292300347775e-08,-4.1769664377982e-07,0.0503632745596555,-2.39065224137491,5.92881083528804e-08
106.75,-2.28850746726863e-09,-4.33459018170208e-07,-0.0700498716769205,-2.42450398482675,-8.23565509640768e-08
106.8,-2.41561432214868e-08,-4.4053199513899e-07,-0.191940009419149,-2.44950093269991,-2.25739563386992e-07
106.85,-4.59473011796735e-08,-4.31939770400209e-07,-0.314831007024739,-2.4643404616468,-3.70301572542113e-07
106.9,-6.72199102955095e-08,-4.16169553422134e-07,-0.438182890635921,-2.46773621884435,-5.15406494201821e-07
106.95,-8.79578853707988e-08,-4.16451436043179e-07,-0.561393200409938,-2.45844734867527,-6.6034318748334e-07
107,-1.08967883820989e-07,-4.24844533671442e-07,-0.683797426816244,-2.43533992935847,-8.04330801925725e-07
107.05,-1.30483010700256e-07,-4.32102815862294e-07,-0.804680755790022,-2.39747907878095,-9.46529449440124e-07
107.1,-1.5195534250527e-07,-4.24426357259482e-07,-0.92328795003179,-2.34418306282558,-1.08605217006893e-06
107.15,-1.72748878978477e-07,-4.06382712085413e-07,-1.03883581537382,-2.27510465810765,-1.22197718344217e-06
107.2,-1.92548637691424e-07,-3.85825970210145e-07,-1.15053556782636,-2.19027890640796,-1.35337578767211e-06
107.25,-2.11383029532579e-07,-3.67802733412899e-07,-1.25760849209071,-2.09014986567918,-1.4793314206092e-06
107.3,-2.29365704029967e-07,-3.5203827389378e-07,-1.35930949413593,-1.9755777962386,-1.59896763024498e-06
107.35,-2.46528409041735e-07,-3.34620998867266e-07,-1.45494637564622,-1.84781925327076,-1.71147057059682e-06
107.4,-2.62754046764441e-07,-3.12842307078342e-07,-1.5438981821975,-1.70847822436491,-1.81611007578484e-06
107.45,-2.77763712276251e-07,-2.86515801625541e-07,-1.62563229194888,-1.55943183209054,-1.91225962318724e-06
107.5,-2.91358390600268e-07,-2.57046900091277e-07,-1.69971410997324,-1.40274742232453,-1.99940783518242e-06
107.55,-3.03451633966775e-07,-2.27001854063954e-07,-1.76581524302769,-1.24056771618388,-2.07716814079974e-06
107.6,-3.1407905320388e-07,-1.9764337500551e-07,-1.82371468915862,-1.07502948257711,-2.14528043454592e-06
107.65,-3.23262414568717e-07,-1.70025874541316e-07,-1.87329644337088,-0.908166054169099,-2.20360814455976e-06
107.7,-3.31065780008286e-07,-1.42531660872027e-07,-1.91454019567974,-0.741823752616804,-2.25212754978683e-06
107.75,-3.37473161584905e-07,-1.14177448709905e-07,-1.94751395333585,-0.577625843527014,-2.29091875312534e-06
107.8,-3.42438056568753e-07,-8.4402285745494e-08,-1.97236140821066,-0.416926585918788,-2.32015084355405e-06
107.85,-3.45929503176248e-07,-5.48069694718837e-08,-1.9892836056272,-0.260801221019482,-2.34006014939095e-06
107.9,-3.47985522193131e-07,-2.7593635930595e-08,-1.99853083188212,-0.110048030174425,-2.35094085957456e-06
107.95,-3.48741250024387e-07,-2.90269487268066e-09,-2.00038705031886,0.0347956841591079,-2.35312699562604e-06
108,-3.48298973256023e-07,2.02161659445636e-08,-1.99515532204631,0.173421861587457,-2.34697515928751e-06
108.05,-3.46706609568753e-07,4.31466324091867e-08,-1.98315008707052,0.305728105193163,-2.33285538333344e-06
108.1,-3.43972030516136e-07,6.61609110404095e-08,-1.96468686940185,0.431778300723253,-2.31113885867417e-06
108.15,-3.40107119688586e-07,8.85489979194261e-08,-1.94007357417212,0.551763892254895,-2.28218771045109e-06
108.2,-3.35163538860775e-07,1.09401179466828e-07,-1.90960655954254,0.665981294617676,-2.24635045966283e-06
108.25,-3.29220566494873e-07,1.28196484391898e-07,-1.87356546170689,0.774798949544876,-2.20395599758278e-06
108.3,-3.22362090931143e-07,1.45330725205016e-07,-1.83220992153568,0.878627260179368,-2.15530979078544e-06
108.35,-3.14664382379138e-07,1.62232378518418e-07,-1.78577856957428,0.977905976542778,-2.1006926993631e-06
108.4,-3.06121584348464e-07,1.79228474569365e-07,-1.73448767309504,1.0730814852213,-2.04035916072381e-06
108.45,-2.96741307924764e-07,1.96366062258736e-07,-1.6785314955906,1.1645906577793,-1.97453769896081e-06
108.5,-2.86546128072426e-07,2.13432955695216e-07,-1.61808301505241,1.25285112546305,-1.90343177197356e-06
108.55,-2.75581764648383e-07,2.30597756381756e-07,-1.55329436714317,1.33825345147077,-1.82722036016946e-06
108.6,-2.63786166357035e-07,2.43882854888886e-07,-1.48429893778436,1.42115014382756,-1.74605995144419e-06
108.65,-2.51240472314692e-07,2.53263124470027e-07,-1.41121524374645,1.50184484559216,-1.66008995869611e-06
108.7,-2.38183537031431e-07,2.63145370021753e-07,-1.33414709111179,1.58059188426169,-1.56943295670855e-06
108.75,-2.2472429401346e-07,2.76388227888279e-07,-1.25318572367434,1.65758972009818,-1.47419657980049e-06
108.8,-2.10460443746562e-07,2.93988163568433e-07,-1.16841497027919,1.73296908096405,-1.37447954376885e-06
108.85,-1.95233439795395e-07,3.1452446714249e-07,-1.07991459088685,1.80678517883044,-1.27037552355316e-06
108.9,-1.79119407451786e-07,3.27778664970543e-07,-0.987763116958485,1.87900978765463,-1.16197582272988e-06
108.95,-1.62434164665987e-07,3.36297214912174e-07,-0.892042077942206,1.94953010650138,-1.04937661541684e-06
109,-1.45567786446733e-07,3.40441912359697e-07,-0.792841676973486,2.01813290062967,-9.326840488997e-07
109.05,-1.28415429885832e-07,3.49292400881775e-07,-0.690266006624324,2.08449794481406,-8.12021526929802e-07
109.1,-1.10862268130812e-07,3.63673467922791e-07,-0.584437062535297,2.14818718594798,-6.87532644205229e-07
109.15,-9.22766891321836e-08,3.82988917010865e-07,-0.47550105828414,2.20863629426364,-5.59389334253154e-07
109.2,-7.23489718845609e-08,4.04479929426989e-07,-0.363638122182822,2.26514882308426,-4.27803198041099e-07
109.25,-5.17471012627896e-08,4.09651157935802e-07,-0.249065771730345,2.31689023397024,-2.93028162029982e-07
109.3,-3.09110726451743e-08,4.01166445151927e-07,-0.132044660383243,2.36290238837589,-1.55371122715563e-07
109.35,-1.09580886860122e-08,3.96714337784214e-07,-0.0128883877039604,2.40210581065865,-1.52028408159616e-08
109.4,8.46931273240511e-09,4.06285891558277e-07,0.108032697348585,2.43332305219967,1.27039976990175e-07
109.45,2.91977141155989e-08,4.32391574165189e-07,0.230289354195802,2.45529189072335,2.70852135253699e-07
109.5,5.11826319927775e-08,4.48804850473367e-07,0.353385867120153,2.46670017577567,4.15653266879253e-07
109.55,7.38620888909145e-08,4.44430287743455e-07,0.476761739553923,2.46626005547616,5.60785207711693e-07
109.6,9.58620881974712e-08,4.28662095113518e-07,0.599794527895453,2.45275791101761,7.05514765905155e-07
109.65,1.16939989104473e-07,4.14568376786744e-07,0.721802016925679,2.42511825013909,8.49038051318067e-07
109.7,1.37330508289186e-07,4.09624441022507e-07,0.842055800676919,2.38248630283992,9.90497426782066e-07
109.75,1.57781154188799e-07,4.10078623610902e-07,0.959790858152503,2.32427850357384,1.12899336553599e-06
109.8,1.7825021743594e-07,4.06016864873527e-07,1.07421986262946,2.25025767993378,1.26360075057134e-06
109.85,1.98269183324047e-07,3.92473287919064e-07,1.18455542051061,2.16058032253093,1.39339386526479e-06
109.9,2.17376570867364e-07,3.70872130317016e-07,1.29002634942713,2.05582124770336,1.51746539008853e-06
109.95,2.35298592359097e-07,3.46011205773073e-07,1.38990232349814,1.93696936011068,1.63495571129978e-06
110,2.51999153024239e-07,3.21922940419957e-07,1.48351124136192,1.80540011791862,1.74507378733431e-06
110.05,2.67519649285336e-07,2.99506516050277e-07,1.57025843434104,1.66281171194702,1.84711999335227e-06
110.1,2.81901783014341e-07,2.76296096828529e-07,1.6496410742931,1.51114958530063,1.94050309411297e-06
110.15,2.95094784178006e-07,2.50499303398206e-07,1.72125723480029,1.35251641281932,2.02475047780477e-06
110.2,3.06929652805475e-07,2.2168776580375e-07,1.78481200750443,1.18905974308553,2.09951527820837e-06
110.25,3.17286394330403e-07,1.91231282832475e-07,1.84011779705083,1.02289472679364,2.1645766759412e-06
110.3,3.26038566852012e-07,1.59625760548639e-07,1.88708997141433,0.856005253697642,2.21983506309594e-06
110.35,3.332397463918e-07,1.29844232456192e-07,1.92573628521714,0.690170512062478,2.26529924871071e-06
110.4,3.39008930868703e-07,1.02609549746199e-07,1.95614958955415,0.526934910247709,2.30107838076876e-06
110.45,3.43486377963667e-07,7.64549497883636e-08,1.97849437094977,0.367564468834572,2.32736610511212e-06
110.5,3.46685854696294e-07,4.99060040363576e-08,1.99298778560066,0.213046967979441,2.34441802562146e-06
110.55,3.48499722428865e-07,2.17566246669553e-08,1.99989171090663,0.0640955872843567,2.35254232508759e-06
110.6,3.48905159480379e-07,-5.47955752088603e-09,1.999497893502,-0.0788277737542739,2.35208193094243e-06
110.65,3.47970889407803e-07,-3.0293560910489e-08,1.99211383193791,-0.215480731179435,2.34339840593494e-06
110.7,3.45882895085048e-07,-5.2297026456242e-08,1.97805505965359,-0.345815962880902,2.32686288252215e-06
110.75,3.42750707126462e-07,-7.28196033956205e-08,1.95763576547537,-0.46994282308343,2.30284509231774e-06
110.8,3.38621211135465e-07,-9.3074764149498e-08,1.93116067134942,-0.588088453956261,2.27170361847225e-06
110.85,3.33467076206127e-07,-1.13539485003756e-07,1.89892121814927,-0.700574644135851,2.2337813435935e-06
110.9,3.27284452959101e-07,-1.33656390718987e-07,1.86119111422279,-0.807786783878628,2.18940018198369e-06
110.95,3.20106581674021e-07,-1.52667593521779e-07,1.81822351097381,-0.910145254307165,2.13885784496164e-06
111,3.12032680533034e-07,-1.69452522252634e-07,1.77025013428121,-1.00809253513096,2.08242680204624e-06
111.05,3.03158968358602e-07,-1.84923909160672e-07,1.7174803037682,-1.10207455771062,2.02035337953891e-06
111.1,2.93561810396853e-07,-1.9966133740399e-07,1.66010149570106,-1.19252373727965,1.95285817353975e-06
111.15,2.83222333194565e-07,-2.15091302117269e-07,1.59828010162978,-1.27985004768188,1.88013706660157e-06
111.2,2.72178638319252e-07,-2.30143562044934e-07,1.53216254400074,-1.36443190075522,1.80236218804347e-06
111.25,2.60257544712254e-07,-2.46627022793837e-07,1.46187666697347,-1.44661030574794,1.71968411599561e-06
111.3,2.47427320921729e-07,-2.6364189255651e-07,1.38753610145623,-1.52667377648645,1.63223642385535e-06
111.35,2.33863964058691e-07,-2.7639719806427e-07,1.30924076213528,-1.60485631187581,1.54013614046787e-06
111.4,2.19713848075336e-07,-2.83889068913118e-07,1.22707923594596,-1.68133483260783,1.44348736814611e-06
111.45,2.05244074088321e-07,-2.93609985765969e-07,1.14113362439414,-1.75622014215508,1.34238747466098e-06
111.5,1.90380554659596e-07,-3.08398125092053e-07,1.05148307606847,-1.82954411895592,1.23692986415196e-06
111.55,1.74608615581529e-07,-3.27410744573321e-07,0.958206376242021,-1.90125470048244,1.1272071258475e-06
111.6,1.57936113848399e-07,-3.44392348126994e-07,0.861386967530517,-1.97120636080916,1.01331675771719e-06
111.65,1.40305934431048e-07,-3.5455062915342e-07,0.76111883908639,-2.03915075999275,8.95368818047047e-07
111.7,1.22308562070808e-07,-3.59558077376366e-07,0.657511253575766,-2.1047301345833,7.73492012525661e-07
111.75,1.04029414438724e-07,-3.6430836678831e-07,0.550693233483604,-2.16746924293479,6.47838630156497e-07
111.8,8.55726140112231e-08,-3.76121800000882e-07,0.440821251388224,-2.22676555704188,5.18593505953301e-07
111.85,6.6542603431978e-08,-3.93607610459556e-07,0.328086264326205,-2.28188141819062,3.85981123131724e-07
111.9,4.65510063122517e-08,-4.10025499546745e-07,0.212717613989705,-2.33194517209448,2.5027055495695e-07
111.95,2.58553771693805e-08,-4.18369279009238e-07,0.0949924533617002,-2.37595345004112,1.11787088843695e-07
112,4.76761215038612e-09,-4.18018300519772e-07,-0.0247583756499868,-2.41279217388621,-2.90801593038708e-08
112.05,-1.62469144448531e-08,-4.16002323488321e-07,-0.146147420524511,-2.44125222092261,-1.71874675038937e-07
112.1,-3.72619301997848e-08,-4.17507568578214e-07,-0.268723288271702,-2.46004930600754,-3.16064922527884e-07
112.15,-5.82031756740216e-08,-4.27878142515378e-07,-0.391969546169576,-2.46788656466192,-4.61042840736771e-07
112.2,-7.96895589527604e-08,-4.37965875514457e-07,-0.515307408024612,-2.46349420495764,-6.06128545755912e-07
112.25,-1.01607417649056e-07,-4.3950381630336e-07,-0.638095481804789,-2.44568329429309,-7.50568415398651e-07
112.3,-1.23369861694874e-07,-4.28444244411326e-07,-0.759634915298391,-2.41343504710845,-8.9354079079666e-07
112.35,-1.44459073015955e-07,-4.13453841725524e-07,-0.879184908122257,-2.36597568716887,-1.03417332935576e-06
112.4,-1.64832342281129e-07,-4.01497995221586e-07,-0.995970930059657,-2.30282615588843,-1.17155418997784e-06
112.45,-1.84661992277075e-07,-3.92499330694127e-07,-1.10920376879324,-2.22387208999625,-1.30475500194839e-06
112.5,-2.04012712790573e-07,-3.81549636316958e-07,-1.21809926429381,-2.12939795642452,-1.43285384633543e-06
112.55,-2.22726981841889e-07,-3.6560465435677e-07,-1.32189640913174,-2.02010856726517,-1.55495584320496e-06
112.6,-2.40502057352576e-07,-3.44210162547498e-07,-1.41988148691013,-1.89711565050009,-1.67022147008634e-06
112.65,-2.57092234919634e-07,-3.18957647297681e-07,-1.51140423398749,-1.76190426675603,-1.77788563089575e-06
112.7,-2.7236821360433e-07,-2.92222297715423e-07,-1.59589770266001,-1.61625788829089,-1.87728115457741e-06
112.75,-2.86313597800211e-07,-2.65431271911648e-07,-1.67288957775733,-1.46218486471975,-1.96785228954083e-06
112.8,-2.98919542206282e-07,-2.38988308391038e-07,-1.74201116522431,-1.30181216530121,-2.04916528519008e-06
112.85,-3.10178665965272e-07,-2.1162346957337e-07,-1.80300126964635,-1.13728661540371,-2.12091302165588e-06
112.9,-3.20036887196342e-07,-1.8281930476076e-07,-1.85570543201309,-0.970691723186792,-2.18291385772142e-06
112.95,-3.28442478166927e-07,-1.52578477912179e-07,-1.90006838122882,-0.803950083720249,-2.23510277572659e-06
113,-3.35332343612426e-07,-1.22325889788423e-07,-1.9361261231434,-0.638775078402078,-2.27752198063419e-06
113.05,-3.40730389079748e-07,-9.30892256654713e-08,-1.96399612714798,-0.476624435814416,-2.31030954772247e-06
113.1,-3.44667699132641e-07,-6.569725379476e-08,-1.98385953738502,-0.318678822906041,-2.33367847611405e-06
113.15,-3.47282965334638e-07,-3.96733221585568e-08,-1.99594933586122,-0.165838039144092,-2.34790288111306e-06
113.2,-3.48617407964118e-07,-1.41659636003902e-08,-2.00053874759816,-0.0187335716937331,-2.35330425679154e-06
113.25,-3.48697624133906e-07,1.13372772986204e-08,-1.9979251696387,0.122244262437492,-2.35023249594902e-06
113.3,-3.47517291961477e-07,3.60821035815556e-08,-1.98841953336149,0.256918454558541,-2.33905327894677e-06
113.35,-3.45135140793134e-07,5.93827535991056e-08,-1.97233819247414,0.385295264391457,-2.32013867184232e-06
113.4,-3.4161328613143e-07,8.07472196830334e-08,-1.94999274584317,0.507522252120805,-2.29385516780097e-06
113.45,-3.37064281224352e-07,1.00649315569573e-07,-1.92168425112966,0.623859536337999,-2.26055696167097e-06
113.5,-3.3154282418687e-07,1.19749923320468e-07,-1.88769913806107,0.734652668453904,-2.22058106063039e-06
113.55,-3.25092371166832e-07,1.38545943236861e-07,-1.84830480970203,0.840299608867837,-2.17424207284466e-06
113.6,-3.17713623077022e-07,1.56882417517511e-07,-1.80374784601831,0.941230284556781,-2.12183004289033e-06
113.65,-3.09444373237575e-07,1.74411997851758e-07,-1.75425295791141,1.03789047378542,-2.06360926972134e-06
113.7,-3.00306338559113e-07,1.90706853790849e-07,-1.70002252519921,1.13072271308288,-1.99981777496084e-06
113.75,-2.90370587868588e-07,2.05862510036909e-07,-1.64123737782836,1.22015224010715,-1.93066828544186e-06
113.8,-2.79684678023717e-07,2.20167501592451e-07,-1.57805745984368,1.30658107253644,-1.85634897947949e-06
113.85,-2.68290532624704e-07,2.34480418398858e-07,-1.51062305680023,1.3903772865899,-1.7770249704154e-06
113.9,-2.56224313282865e-07,2.49442247490534e-07,-1.43905789980869,1.47186442145148,-1.69284187509299e-06
113.95,-2.43410302706322e-07,2.64645107245553e-07,-1.36347060838915,1.5513159901061,-1.60392742362198e-06
114,-2.29960019396477e-07,2.8219516461232e-07,-1.28395741674979,1.62895041616919,-1.51039504150467e-06
114.05,-2.15706574130543e-07,2.97385083224951e-07,-1.20060338784961,1.70492538000863,-1.41234429577018e-06
114.1,-2.00558256464232e-07,3.06459600403548e-07,-1.1134897759024,1.77932376591559,-1.3098703733185e-06
114.15,-1.84779791452399e-07,3.1147886883481e-07,-1.0226965739258,1.8521494556879,-1.20306758971043e-06
114.2,-1.68908666857192e-07,3.19327978241231e-07,-0.928302959171515,1.92332620301482,-1.09202980886486e-06
114.25,-1.52609599058674e-07,3.33007353469131e-07,-0.830394644782275,1.99268099746864,-9.76858174124181e-07
114.3,-1.35431534734779e-07,3.54580223583645e-07,-0.729069631646497,2.05993392484348,-8.57668184679756e-07
114.35,-1.17238977577764e-07,3.7249104690001e-07,-0.624442894225625,2.12468638899708,-7.34593872553716e-07
114.4,-9.83399949905736e-08,3.83088832785369e-07,-0.516651375466102,2.18642112938533,-6.07795944284921e-07
114.45,-7.91023934911513e-08,3.85880318312541e-07,-0.405861576413989,2.24449207644345,-4.77470209116808e-07
114.5,-5.97152059676892e-08,3.89311875952182e-07,-0.292276081309104,2.29812330615493,-3.43855863424025e-07
114.55,-4.002448222006e-08,3.939357324462e-07,-0.176138408457016,2.34640475487333,-2.0723942469491e-07
114.6,-1.98877687620671e-08,4.07997165563391e-07,-0.0577413963278278,2.38829682344974,-6.79662374329506e-08
114.65,8.86978662298792e-10,4.29345943344159e-07,0.0625660123486975,2.4226549278489,7.3553450844901e-08
114.7,2.25793566947742e-08,4.38322444221554e-07,0.184377364438438,2.44823622306489,2.1684358446411e-07
114.75,4.45394046238226e-08,4.3584174407032e-07,0.30722198401743,2.46374568076856,3.61350394051124e-07
114.8,6.59798192123248e-08,4.23721059251005e-07,0.43056240120203,2.46788336580884,5.06441443115018e-07
114.85,8.69170756987799e-08,4.1782616680053e-07,0.553799646603704,2.45941041339012,6.51410472040463e-07
114.9,1.07838725121294e-07,4.22168351732717e-07,0.676274379775415,2.43718655831716,7.95481452612311e-07
114.95,1.29141098803365e-07,4.27548370385933e-07,0.797273018052668,2.40025750739873,9.37815940356493e-07
115,1.50496065520469e-07,4.23395061049421e-07,0.916043104924309,2.34792973774773,1.0775299065302e-06
115.05,1.71345046769312e-07,4.09130531506533e-07,1.03180304656203,2.27983036574102,1.21370399501673e-06
115.1,1.91309608648804e-07,3.8948145576316e-07,1.1437630288849,2.19596895331905,1.34540862145166e-06
115.15,2.10306367444858e-07,3.70227668245452e-07,1.2511440397811,2.09676372440536,1.47172679733819e-06
115.2,2.28367312788544e-07,3.52752694638137e-07,1.35319737192884,1.98305090829701,1.59177764564164e-06
115.25,2.45545057107982e-07,3.34564024249633e-07,1.44922766801911,1.85606261051334,1.7047434549399e-06
115.3,2.6176280037925e-07,3.13325328526521e-07,1.53860870664038,1.71738568420378,1.80988782441302e-06
115.35,2.76823116263578e-07,2.87999561576345e-07,1.62080216086462,1.56888046542284,1.90657760989676e-06
115.4,2.905276674646e-07,2.59559935122935e-07,1.69536730401755,1.41260542522939,1.99429426627754e-06
115.45,3.0274777554619e-07,2.2951904758057e-07,1.76196889007834,1.25070375777257,2.07264327234473e-06
115.5,3.1348850937995e-07,1.99866327489412e-07,1.82037912480069,1.08531171526718,2.1413564560773e-06
115.55,3.22769855032056e-07,1.71220813120267e-07,1.87047607918288,0.918473661111292,2.20029032282828e-06
115.6,3.30626182053333e-07,1.43662537635773e-07,1.91223391804225,0.752050450211034,2.24941447331632e-06
115.65,3.37100147661201e-07,1.15459622495595e-07,1.94571495164441,0.587678168604555,2.28880238768343e-06
115.7,3.42145689465876e-07,8.66051455091004e-08,1.9710586039799,0.426728699432811,2.31861807611775e-06
115.75,3.4574760910973e-07,5.72314242395421e-08,1.98846386265783,0.270294793823425,2.33909560097694e-06
115.8,3.47914699331096e-07,2.96226077013613e-08,1.9981771568097,0.119191827791663,2.35052460524293e-06
115.85,3.48754119554118e-07,4.14917577796133e-09,2.00048095295466,-0.0260277936517478,2.35323732544659e-06
115.9,3.48367326313515e-07,-1.92601087635023e-08,1.99567813664443,-0.165043640904158,2.34759006426621e-06
115.95,3.46828385477124e-07,-4.20885329153943e-08,1.98408204589209,-0.29773959287192,2.33395156864828e-06
116,3.44154525651927e-07,-6.46055042846806e-08,1.96600852078148,-0.424171163133358,2.31269340101711e-06
116.05,3.40370133958969e-07,-8.68630759576325e-08,1.94176644620933,-0.544524286108689,2.28417891927674e-06
116.1,3.35502759147935e-07,-1.07788634023843e-07,1.91165266391842,-0.659087775591962,2.24875719612996e-06
116.15,3.2963066141487e-07,-1.27142934203584e-07,1.87594802917979,-0.768226831350806,2.20675858655505e-06
116.2,3.22824050936757e-07,-1.44683220649768e-07,1.83491361868101,-0.872351593176894,2.15849017890083e-06
116.25,3.15160618922651e-07,-1.61540883384403e-07,1.78878922758211,-0.97189826240554,2.10423417196027e-06
116.3,3.066589861755e-07,-1.78169243723596e-07,1.73779263297974,-1.06731379004208,2.04424679249814e-06
116.35,2.97332002668775e-07,-1.94952382534742e-07,1.68211932118159,-1.15903729471913,1.97875803853197e-06
116.4,2.87182441947823e-07,-2.11257973163735e-07,1.62194346288848,-1.24748729976861,1.90797272675549e-06
116.45,2.76266138644999e-07,-2.28377263731387e-07,1.55741910569802,-1.33305473021707,1.83207220484701e-06
116.5,2.64569347890626e-07,-2.43662393933033e-07,1.48868018001063,-1.41609628280853,1.75121374118938e-06
116.55,2.52105238975243e-07,-2.54895455363471e-07,1.41584548664089,-1.49692017900899,1.66553685195458e-06
116.6,2.38995081873613e-07,-2.63995874175493e-07,1.33902040651046,-1.57578175293154,1.57516570259307e-06
116.65,2.25452119673643e-07,-2.76158290512024e-07,1.25829716004548,-1.6528826560064,1.4802093222076e-06
116.7,2.11342517994346e-07,-2.9045581883315e-07,1.17375964644213,-1.72835792244224,1.38076630685981e-06
116.75,1.96312604488549e-07,-3.09657202812127e-07,1.08548710359766,-1.80227053522277,1.27693015843616e-06
116.8,1.80317430591834e-07,-3.28628807654968e-07,0.993558765975916,-1.8745977300766,1.16879354281609e-06
116.85,1.63512695060446e-07,-3.38268704255952e-07,0.898055930030658,-1.94522826094361,1.05645113368701e-06
116.9,1.46309290175452e-07,-3.44082581536148e-07,0.799067539320768,-2.01395781272088,9.40008138202187e-07
116.95,1.29164380430948e-07,-3.47222051227813e-07,0.696696505870456,-2.08047153219699,8.19585736723063e-07
117,1.116959404568e-07,-3.59119925547136e-07,0.591064489681034,-2.14434026755995,6.9532824594384e-07
117.05,9.37863168280995e-08,-3.80104228730386e-07,0.482316541057944,-2.20500901160541,5.67406328295252e-07
117.1,7.4461979556847e-08,-4.02039047595468e-07,0.37062829099153,-2.261787132028,4.36025728279022e-07
117.15,5.34169962142138e-08,-4.17778558682358e-07,0.256215494916055,-2.31385241046531,3.01439494462107e-07
117.2,3.22350236422776e-08,-4.11790260281943e-07,0.139337520574157,-2.36024850299621,1.63951095184188e-07
117.25,1.18761330735248e-08,-3.98994010352676e-07,0.0203031278927541,-2.39990487678135,2.39253066362944e-08
117.3,-7.98493779320448e-09,-4.03470625206756e-07,-0.100521186779024,-2.43164961621954,-1.18204213086135e-07
117.35,-2.84510829059298e-08,-4.19734984428984e-07,-0.222708982256958,-2.45422376625379,-2.61936403343741e-07
117.4,-4.98509966417825e-08,-4.35871165839659e-07,-0.345768976413906,-2.46632192296394,-4.06694605801279e-07
117.45,-7.1930348224325e-08,-4.41906496810139e-07,-0.469145001112993,-2.46665312789779,-5.51825629787613e-07
117.5,-9.39906885376682e-08,-4.37494218071925e-07,-0.592218207448447,-2.45399374083806,-6.96601537563392e-07
117.55,-1.15533842345712e-07,-4.24457173969669e-07,-0.714309619556028,-2.42725490813573,-8.40223433465986e-07
117.6,-1.36419520557452e-07,-4.12865793707458e-07,-0.834693961651027,-2.38556751148723,-9.81837089257705e-07
117.65,-1.56885429757649e-07,-4.06510663245698e-07,-0.952607139699201,-2.32832995047037,-1.120543274543e-06
117.7,-1.77093263494684e-07,-4.01093211817793e-07,-1.06726319114201,-2.25528500205741,-1.25541788582631e-06
117.75,-1.96899651324926e-07,-3.90457974396549e-07,-1.17787413934523,-2.16656303857512,-1.38553464587752e-06
117.8,-2.16016189768772e-07,-3.72927476403501e-07,-1.28366711283549,-2.06271204209402,-1.50998457476491e-06
117.85,-2.34125893467003e-07,-3.50445650217394e-07,-1.38390896499541,-1.94469500619745,-1.62790504107053e-06
117.9,-2.51041030067839e-07,-3.25898347651514e-07,-1.47792296368027,-1.81386520899842,-1.73849967658559e-06
117.95,-2.66706033089673e-07,-3.01181540919091e-07,-1.5651096222039,-1.67190176034574,-1.84106308393027e-06
118,-2.81139497165806e-07,-2.76278738992003e-07,-1.64495981001211,-1.52074051787847,-1.93499635624117e-06
118.05,-2.94322889289016e-07,-2.50625945098429e-07,-1.71706522117276,-1.36247489208315,-2.01981924792928e-06
118.1,-3.06170307471609e-07,-2.23094002092648e-07,-1.78112439288335,-1.19925410675778,-2.09517725632589e-06
118.15,-3.16589477567712e-07,-1.93661303482184e-07,-1.83694348861161,-1.03319962662171,-2.16084236681469e-06
118.2,-3.25509626262536e-07,-1.62734205349133e-07,-1.88443064274907,-0.866299271603473,-2.21670647179181e-06
118.25,-3.32899390394278e-07,-1.32506263347302e-07,-1.92358884689366,-0.700352011582147,-2.26277285944245e-06
118.3,-3.38815360222087e-07,-1.03547576969554e-07,-1.95450725646136,-0.536915644539468,-2.29914634647151e-06
118.35,-3.43302453310729e-07,-7.67450672504281e-08,-1.97734464850567,-0.377275523598622,-2.32601361466733e-06
118.4,-3.46467629449889e-07,-5.05252846270094e-08,-1.9923154003626,-0.222434994581767,-2.34362700946174e-06
118.45,-3.48330430934484e-07,-2.40756565996554e-08,-1.99967996680797,-0.0731239900066714,-2.35229299873215e-06
118.5,-3.48866604591437e-07,2.56069201063087e-09,-1.99972817559684,0.0701803894927009,-2.35235251276043e-06
118.55,-3.48099983809798e-07,2.79116623290431e-08,-1.99276660230343,0.207223527571057,-2.34416603244758e-06
118.6,-3.46118304069417e-07,5.13145334525024e-08,-1.97911098657197,0.337948113292053,-2.32810490393203e-06
118.65,-3.43014470043202e-07,7.24612316707731e-08,-1.95907563146124,0.46245316052972,-2.30453882078246e-06
118.7,-3.38881817614083e-07,9.25056840121578e-08,-1.93296586854871,0.580959216370333,-2.2738270770117e-06
118.75,-3.33756239011071e-07,1.12227976573311e-07,-1.90107432370632,0.693784531170944,-2.23631398109547e-06
118.8,-3.27653874562929e-07,1.31875613322261e-07,-1.86367578378124,0.801310133407411,-2.19232280075184e-06
118.85,-3.2058923618232e-07,1.50752881078e-07,-1.82102472508826,0.903955262716177,-2.14215281238584e-06
118.9,-3.1261571584233e-07,1.68533082918069e-07,-1.77335423783608,1.00216238857716,-2.08607817400632e-06
118.95,-3.03785121483202e-07,1.84603446171987e-07,-1.72087497254249,1.09637726017983,-2.02434661688759e-06
119,-2.94163580224714e-07,1.994377928407e-07,-1.6637758141255,1.18703207706039,-1.95718038304294e-06
119.05,-2.83810138544695e-07,2.14138441082504e-07,-1.60222433241652,1.27453971383782,-1.8847767069504e-06
119.1,-2.72710480790842e-07,2.29024033813581e-07,-1.53636790538231,1.35928179509717,-1.80730898816486e-06
119.15,-2.60871631048437e-07,2.44916985535009e-07,-1.46633628664481,1.44159919911118,-1.72492994712734e-06
119.2,-2.48261681040668e-07,2.60216887252332e-07,-1.39224351370018,1.5217841987133,-1.63777356175767e-06
119.25,-2.34877383108077e-07,2.77500167655658e-07,-1.31419015940665,1.60007702309613,-1.54595841077793e-06
119.3,-2.20782982733895e-07,2.92110843156987e-07,-1.23226456290964,1.67665961453433,-1.4495879205197e-06
119.35,-2.06069939805979e-07,2.98867328386738e-07,-1.14654952346896,1.75164249342006,-1.34875894521196e-06
119.4,-1.90884997569944e-07,3.0192101400599e-07,-1.0571255330751,1.82506024537776,-1.24356660754228e-06
119.45,-1.75428352102501e-07,3.14043228334504e-07,-0.964070931549299,1.89687102532745,-1.13410440603749e-06
119.5,-1.59463414615097e-07,3.33861751787652e-07,-0.867468186791146,1.96693778886894,-1.02046920618841e-06
119.55,-1.42155795992253e-07,3.56727657210512e-07,-0.76740999435287,2.03501947205696,-9.02769559667715e-07
119.6,-1.23661103101393e-07,3.73190982573334e-07,-0.664004949947548,2.1007611466282,-7.81132216623163e-07
119.65,-1.04704562099879e-07,3.74806664643369e-07,-0.557380919390245,2.16369092150797,-6.55706701113707e-07
119.7,-8.58275631766777e-08,3.740948603639e-07,-0.447692281694356,2.22321593910041,-5.26675932861796e-07
119.75,-6.73395065987066e-08,3.78116917316856e-07,-0.335127797544297,2.27860960020346,-3.94262701279772e-07
119.8,-4.82207199671306e-08,3.97011542048632e-07,-0.219914728763759,2.32901365280968,-2.58735410042765e-07
119.85,-2.80945997572923e-08,4.19009012614485e-07,-0.102326326461415,2.37343209515156,-1.20414255141946e-07
119.9,-6.59684771953192e-09,4.31670646502733e-07,0.0173103999957391,2.41075089023396,2.03174000856097e-08
119.95,1.52294569371049e-08,4.29214969082417e-07,0.138610412211392,2.43976327844474,1.63007229790851e-07
120,3.67857946592012e-08,4.19723016933343e-07,0.26112752991534,2.45919441545906,3.07129525281959e-07
120.05,5.75908333229576e-08,4.16078229449511e-07,0.384348739686803,2.46774136254205,4.52079454025596e-07
120.1,7.82114093746377e-08,4.23334498283103e-07,0.50769854610195,2.4641381285886,5.97179507959434e-07
120.15,9.95651138717707e-08,4.35192761016835e-07,0.63054010196999,2.44719088430842,7.4168120397638e-07
120.2,1.21435083841539e-07,4.36649375443151e-07,0.752177877554728,2.41586347444615,8.84767945003189e-07
120.25,1.43133831759838e-07,4.24791121025941e-07,0.87187303606766,2.36936175646422,1.02557091743342e-06
120.3,1.63970977868352e-07,4.06850134931156e-07,0.98885282088949,2.30718681442726,1.16318033843183e-06
120.35,1.83837673480845e-07,3.89940835078373e-07,1.10232793186893,2.22920228576912,1.2966669768045e-06
120.4,2.0296794963449e-07,3.76118325775434e-07,1.21151365737163,2.13566961362746,1.4251075316434e-06
120.45,2.21454936602548e-07,3.62905058792672e-07,1.3156468570228,2.02726792916485,1.54760455429075e-06
120.5,2.39201802234314e-07,3.46112075566761e-07,1.41401045474716,1.90508329158271,1.66331496336107e-06
120.55,2.55967445862961e-07,3.2372103893321e-07,1.50594976243631,1.77057837061196,1.77146883815573e-06
120.6,2.71496954427101e-07,2.96585117861859e-07,1.5908921182352,1.62552023362715,1.87139244609655e-06
120.65,2.85626129946959e-07,2.67700773668025e-07,1.66835914257231,1.47190556690344,1.96252273660221e-06
120.7,2.98278525809217e-07,2.3915348686732e-07,1.73797548893998,1.31185925779393,2.04441795650237e-06
120.75,3.09526426204108e-07,2.11392893702846e-07,1.79947338677209,1.14752868079626,2.1167630703023e-06
120.8,3.19394607155966e-07,1.83665639522191e-07,1.85269180867358,0.981003861973711,2.17936873499397e-06
120.85,3.27889327361195e-07,1.55343480209342e-07,1.89756981462441,0.81422004104006,2.23216333077995e-06
120.9,3.34934388333888e-07,1.25819604291109e-07,1.93413794763459,0.648903445168278,2.27518285038802e-06
120.95,3.4049105177193e-07,9.60428093308794e-08,1.96250895929922,0.486528756210576,2.30855982768846e-06
121,3.44539716792871e-07,6.67438830059176e-08,1.98286063849269,0.328293896567877,2.33250332519674e-06
121.05,3.47182022234975e-07,3.97886275796521e-08,1.995422959492,0.175116574069998,2.34728367350095e-06
121.1,3.48527831078367e-07,1.46664951089982e-08,2.00046715785591,0.0276443597828797,2.35321999050418e-06
121.15,3.48666065002682e-07,-9.44163147779346e-09,1.9982895647963,-0.113718654488196,2.35066094751614e-06
121.2,3.47600380256737e-07,-3.34807989760059e-08,1.98920045418894,-0.248783447408178,2.339971630362e-06
121.25,3.45341622737022e-07,-5.70179337792667e-08,1.97351614847554,-0.377546221951389,2.32152409492322e-06
121.3,3.41912805581874e-07,-7.96246960021859e-08,1.95154876039576,-0.500146952472453,2.29568544555558e-06
121.35,3.37399475213991e-07,-1.00336154293122e-07,1.92360007490195,-0.616838883029297,2.26281058117413e-06
121.4,3.31892642147206e-07,-1.19441963067959e-07,1.88995759890741,-0.72796326197245,2.22323773700624e-06
121.45,3.25475371036174e-07,-1.37350596511269e-07,1.85089000366382,-0.833915700539015,2.1772830037219e-06
121.5,3.18170836205024e-07,-1.55039413958575e-07,1.80664515523711,-0.93512464167567,2.12523805799475e-06
121.55,3.09987810852812e-07,-1.72448672531321e-07,1.75744917334592,-1.03203556894507,2.06736888630038e-06
121.6,3.00932068956228e-07,-1.89543096974713e-07,1.70350578436698,-1.12509181578288,2.00391513559605e-06
121.65,2.91042128607286e-07,-2.05665794140357e-07,1.64499711004033,-1.21471984534736,1.93509097308277e-06
121.7,2.80351379799475e-07,-2.20842709087617e-07,1.58208441187946,-1.30132301018138,1.86108609921579e-06
121.75,2.68945423038974e-07,-2.34873627031976e-07,1.51490898669159,-1.38527192049779,1.78206670543738e-06
121.8,2.56903320999184e-07,-2.47596050361852e-07,1.44359557361902,-1.46689280152606,1.69817950978335e-06
121.85,2.442074223354e-07,-2.61061607563605e-07,1.36825388981256,-1.54646260119624,1.60955379248497e-06
121.9,2.31042718954382e-07,-2.75567838059813e-07,1.28898070508836,-1.62420312236269,1.51630341868589e-06
121.95,2.17189806753873e-07,-2.91168957372478e-07,1.20586192715059,-1.70027664219507,1.41852945041902e-06
122,2.02110727201982e-07,-3.09581131760023e-07,1.11897801040499,-1.77477455981144,1.31632670977745e-06
122.05,1.85873743361664e-07,-3.26529699704184e-07,1.02840921215902,-1.84770343229681,1.20978915628171e-06
122.1,1.69158402087957e-07,-3.31702520103103e-07,0.934235621504254,-1.91898489687706,1.09900991594359e-06
122.15,1.52574999374223e-07,-3.28372006826559e-07,0.836541626236286,-1.98845388126199,9.84088601687156e-07
122.2,1.36008516036717e-07,-3.38356953564841e-07,0.735424745706577,-2.05584315846837,8.65142226134912e-07
122.25,1.18690941716365e-07,-3.59066602478343e-07,0.630998421111463,-2.12076455824364,7.42303961493093e-07
122.3,1.00265667470293e-07,-3.80120093986172e-07,0.523397958414183,-2.1827062611829,6.15731880132726e-07
122.35,8.07885567883205e-08,-3.94113372204409e-07,0.412787993640661,-2.24102813848209,4.85618869833543e-07
122.4,6.08185082616802e-08,-4.00759882213026e-07,0.299368293889659,-2.29495999014419,3.5219989365672e-07
122.45,4.06605968475956e-08,-4.03309346975852e-07,0.183379956358503,-2.34359819503334,2.157589050482e-07
122.5,2.05572786129954e-08,-4.0489043032818e-07,0.0651135784732931,-2.38591497942259,7.66380736098436e-08
122.55,2.33022695788339e-10,-4.13182716929329e-07,-0.0550872168108286,-2.42077226902711,-6.47575760934547e-08
122.6,-2.04719380940572e-08,-4.23477648510708e-07,-0.176819248116509,-2.44693204567488,-2.0795426301347e-07
122.65,-4.20747620845476e-08,-4.36755277199052e-07,-0.299614266128627,-2.463100937604,-3.5240106544324e-07
122.7,-6.43174407810871e-08,-4.43393205105994e-07,-0.422940680209573,-2.46798787474755,-4.97473667231621e-07
122.75,-8.62863754050206e-08,-4.31722874452648e-07,-0.54620347260597,-2.46032634294814,-6.42473356049041e-07
122.8,-1.07547851212621e-07,-4.19761933545703e-07,-0.66874506515043,-2.43897526270339,-7.86624702113094e-07
122.85,-1.2832173192754e-07,-4.14113061663615e-07,-0.789856659218296,-2.40297553762438,-9.29093224949906e-07
122.9,-1.48957208954821e-07,-4.12153453696817e-07,-0.908786494879535,-2.35161279371753,-1.06899487842128e-06
122.95,-1.69520456169478e-07,-4.08543517092128e-07,-1.02475501711663,-2.28449488320441,-1.20541320605235e-06
123,-1.89700775890405e-07,-3.97581575583775e-07,-1.1369729004768,-2.2016017782222,-1.33742029617401e-06
123.05,-2.09144866875013e-07,-3.78988965778722e-07,-1.2446585502936,-2.10332468027359,-1.46409676018056e-06
123.1,-2.27552584641632e-07,-3.56512431119728e-07,-1.34706222972624,-1.99047383732398,-1.58456026117577e-06
123.15,-2.4479546940769e-07,-3.33287695296295e-07,-1.4434831128462,-1.8642625045462,-1.69798606225888e-06
123.2,-2.60876793895301e-07,-3.10441083617506e-07,-1.53329154856262,-1.72625367005733,-1.8036333636039e-06
123.25,-2.75811046215812e-07,-2.86996712428148e-07,-1.61594270817268,-1.57829955986603,-1.90086136633563e-06
123.3,-2.8955035138101e-07,-2.61776380620686e-07,-1.69098966766922,-1.42244313688044,-1.98914446169707e-06
123.35,-3.01955765542739e-07,-2.34078080476875e-07,-1.75809076684034,-1.26082514052916,-2.06808081638909e-06
123.4,-3.12914172454762e-07,-2.04095055455026e-07,-1.81701211338696,-1.09559190313819,-2.13739527413533e-06
123.45,-3.22347775050818e-07,-1.73195099107967e-07,-1.86762390505844,-0.928784457291715,-2.19693499987316e-06
123.5,-3.30271990293751e-07,-1.4300406730057e-07,-1.90989475850035,-0.762283303965733,-2.24666290506167e-06
123.55,-3.36721951734332e-07,-1.14442733264862e-07,-1.94388475612102,-0.597742236482538,-2.28664956986108e-06
123.6,-3.41749513210395e-07,-8.79772244897467e-08,-1.96972610556725,-0.436548696376958,-2.31705046581153e-06
123.65,-3.45468939301104e-07,-6.12332689062408e-08,-1.98761415847987,-0.279810475479737,-2.3380956420459e-06
123.7,-3.47847788052522e-07,-3.3885706487592e-08,-1.99779493163022,-0.128358759509861,-2.35007453118202e-06
123.75,-3.48848239690413e-07,-6.28776494600495e-09,-2.00054803135546,0.0172363283106713,-2.35331600703203e-06
123.8,-3.48511821646271e-07,1.94093181348376e-08,-1.9961747138183,0.15664019405861,-2.34817422158148e-06
123.85,-3.46951695050633e-07,4.28256410884875e-08,-1.98498916043285,0.289727768108747,-2.33501871774199e-06
123.9,-3.44273841318196e-07,6.39077419563251e-08,-1.96730675298894,0.416541666273251,-2.31422048483817e-06
123.95,-3.40561535448934e-07,8.44072220654932e-08,-1.9434367292001,0.537261075309848,-2.28614347473487e-06
124,-3.35825772768741e-07,1.04801785454326e-07,-1.91367737619221,0.652172925707609,-2.25113862360964e-06
124.05,-3.30077508461162e-07,1.2518061160079e-07,-1.87831032980287,0.761635995788178,-2.20953723922603e-06
124.1,-3.23337484242639e-07,1.44416006562662e-07,-1.83759787629819,0.866057338646353,-2.16164773963671e-06
124.15,-3.15677128849149e-07,1.62268314236555e-07,-1.7917813160416,0.965874511991091,-2.10775394991481e-06
124.2,-3.07158461801364e-07,1.7815760070696e-07,-1.74107970245865,1.06153297653692,-2.0481134894349e-06
124.25,-2.97859355624201e-07,1.93234599455503e-07,-1.6856900311718,1.15347081377423,-1.98295821238955e-06
124.3,-2.87809265658057e-07,2.08309188470812e-07,-1.62578767439951,1.24211066642233,-1.91249450069729e-06
124.35,-2.76991155330801e-07,2.24008495333015e-07,-1.5615272605419,1.32784707670011,-1.83690431533628e-06
124.4,-2.65399436466878e-07,2.40258964278373e-07,-1.49304527018444,1.41103546950906,-1.75634819558849e-06
124.45,-2.53014185920792e-07,2.56181622474906e-07,-1.42046130009964,1.49198707498509,-1.67096673490402e-06
124.5,-2.39866973566746e-07,2.74442947966846e-07,-1.34388022398431,1.57096409726423,-1.58088358071662e-06
124.55,-2.26018929386353e-07,2.86348521301405e-07,-1.26339399548668,1.64817104892702,-1.48620598605816e-06
124.6,-2.11587568228588e-07,2.90127566702132e-07,-1.17908875950212,1.72374333202176,-1.38703509984171e-06
124.65,-1.96753910344557e-07,2.93639926613651e-07,-1.09104558310853,1.79774625549305,-1.28346711167942e-06
124.7,-1.81725725682117e-07,3.10106164244e-07,-0.999341343135907,1.87017209346341,-1.17559384642462e-06
124.75,-1.65890897171275e-07,3.3254530844471e-07,-0.904056774901882,1.94091671323794,-1.06350954097612e-06
124.8,-1.48499866589763e-07,3.56648892577327e-07,-0.805280707478464,2.00977779153821,-9.47318234570626e-07
124.85,-1.30115043840525e-07,3.68176064394165e-07,-0.703115424274206,2.07644158662488,-8.27138747576404e-07
124.9,-1.11352166056146e-07,3.66929860382438e-07,-0.597680346662922,2.14048464767734,-7.03111538918181e-07
124.95,-9.30226955468246e-08,3.6540309844537e-07,-0.489119270928451,2.20136256171985,-5.75407076594373e-07
125,-7.49980731739228e-08,3.73156733970041e-07,-0.377607921115158,2.25839901570998,-4.44233077708866e-07
125.05,-5.59825390942659e-08,3.98063738544823e-07,-0.263357261155173,2.31078493503658,-3.09838535601974e-07
125.1,-3.56723406890823e-08,4.20676293310465e-07,-0.146622776636517,2.35756898378307,-1.72521939687666e-07
125.15,-1.40460125565111e-08,4.29418815330899e-07,-0.0277113256900699,2.39768149994606,-3.2643039546287e-08
125.2,7.50196307367902e-09,4.23064968765479e-07,0.0930147725439877,2.42994917113932,1.0937208488362e-07
125.25,2.86289943296789e-08,4.15521319112652e-07,0.21513228133305,2.45311840105305,2.53024100903505e-07
125.3,4.91723911362219e-08,4.16823469499828e-07,0.338153371780829,2.46589654555388,3.97738101265131e-07
125.35,7.01317805367946e-08,4.27872796127714e-07,0.461527071368064,2.46699336257357,5.42865862261531e-07
125.4,9.16990298818558e-08,4.37197524498641e-07,0.584637479199877,2.45517193770106,6.87684085254501e-07
125.45,1.13715666262472e-07,4.36270027493237e-07,0.706810344321818,2.42933587990411,8.31400522368152e-07
125.5,1.35315753147035e-07,4.24647252463876e-07,0.827322534268106,2.38859222772888,9.73164573495129e-07
125.55,1.56168667555406e-07,4.09339699712028e-07,0.945410694126066,2.33232290982579,1.11207753870024e-06
125.6,1.76245267670885e-07,3.95605515541761e-07,1.0602909951218,2.26025223767171,1.24721681839738e-06
125.65,1.95722936605296e-07,3.83872641645319e-07,1.17117416950254,2.17248661625205,1.37765392346134e-06
125.7,2.14621735179367e-07,3.71239944923882e-07,1.27728646238956,2.06954760465407,1.5024789636065e-06
125.75,2.32769656343307e-07,3.54117890800668e-07,1.37789149101211,1.95237195487664,1.62082608317872e-06
125.8,2.49935805182051e-07,3.31469691236732e-07,1.47230833728138,1.8222882336757,1.73189440287086e-06
125.85,2.6587480144274e-07,3.05239797250493e-07,1.5599326387633,1.68095744831072,1.83497278468146e-06
125.9,2.80450895296976e-07,2.77626702793622e-07,1.64024873633644,1.53030532167021,1.92945440876321e-06
125.95,2.93630764394818e-07,2.50126079527452e-07,1.71284231684112,1.37241433734331,2.01485174616563e-06
126,3.05441436890093e-07,2.22628263825051e-07,1.7774052798743,1.20943821590448,2.09080237883853e-06
126.05,3.15888235028716e-07,1.94949468437838e-07,1.83373698827355,1.04350068756397,2.15707030941406e-06
126.1,3.24928161019858e-07,1.66158723934843e-07,1.88173921276232,0.876597289659713,2.21354008527107e-06
126.15,3.32508754364811e-07,1.36621847937822e-07,1.92141017179753,0.71054343598111,2.26020957220279e-06
126.2,3.38577035870931e-07,1.06356557577459e-07,1.95283438915213,0.546912594732418,2.2971781967009e-06
126.25,3.43146978772798e-07,7.69290562528085e-08,1.97616438132974,0.387005247077295,2.32462520452816e-06
126.3,3.46305456855423e-07,5.00268923941255e-08,1.99161370419087,0.231844013352117,2.34280163146498e-06
126.35,3.48167691404323e-07,2.46491960711116e-08,1.99944042525551,0.0821745741460271,2.35201115699784e-06
126.4,3.48791606305691e-07,-3.15203604290439e-11,1.99993143710756,-0.0615084371851994,2.35259135031985e-06
126.45,3.48176332164146e-07,-2.47334581330389e-08,1.99339364223167,-0.19894166936293,2.34490330748494e-06
126.5,3.46331524300357e-07,-4.88845588578077e-08,1.98014265654965,-0.330056603136524,2.32931823863738e-06
126.55,3.43302318102625e-07,-7.1760647481477e-08,1.96049214795047,-0.45493956384315,2.30620504636532e-06
126.6,3.39180680040661e-07,-9.26718801503728e-08,1.93474889333771,-0.573808056188164,2.27592453075714e-06
126.65,3.34059687848982e-07,-1.11981291405259e-07,1.90320639524794,-0.686974680638386,2.23882198763326e-06
126.7,3.2800456265324e-07,-1.30287012629992e-07,1.86614032920957,-0.794814462299527,2.19522176701378e-06
126.75,3.21035409884492e-07,-1.48482102492222e-07,1.82380673013398,-0.89774800828802,2.14542514600406e-06
126.8,3.13161741407912e-07,-1.66354159175937e-07,1.77643990714017,-0.996217245377518,2.08970772849411e-06
126.85,3.04405425790558e-07,-1.83705974429019e-07,1.72425200846385,-1.09066571438952,2.0283190513287e-06
126.9,2.94808192230918e-07,-1.99869569523725e-07,1.66743319714295,-1.18152808573137,1.96148273980992e-06
126.95,2.84427907915642e-07,-2.15081707830453e-07,1.60615208032209,-1.26921927213914,1.88939715751847e-06
127,2.73336044329992e-07,-2.28781890902719e-07,1.54055748684222,-1.35412214697659,1.8122373181681e-06
127.05,2.61561488460075e-07,-2.42233184516979e-07,1.47078055517313,-1.43657884911,1.73015761763832e-06
127.1,2.49208933647408e-07,-2.55082105718332e-07,1.39693614353567,-1.5168856470058,1.64329313057424e-06
127.15,2.36243772375037e-07,-2.67617901214469e-07,1.31912439601611,-1.59528856531705,1.55176169052186e-06
127.2,2.22338506644026e-07,-2.8552578024043e-07,1.23743471924287,-1.67197598088802,1.45566906825984e-06
127.25,2.07409983740137e-07,-3.0705288366379e-07,1.15195167407407,-1.74706033981307,1.35511455122746e-06
127.3,1.91631835217804e-07,-3.22688794285177e-07,1.06275509328286,-1.82057776074759,1.25019104832605e-06
127.35,1.75378451940651e-07,-3.22475809001065e-07,0.969921790517316,-1.89248742387075,1.14098786986079e-06
127.4,1.59143777526132e-07,-3.24524500793825e-07,0.873535258317212,-1.96266275372821,1.02760513780643e-06
127.45,1.42817488235538e-07,-3.37794306041905e-07,0.773688156323716,-2.03087250225455,9.10152794290688e-07
127.5,1.25521156585014e-07,-3.58571775464699e-07,0.670486663670509,-2.09677222555537,7.88755350696278e-07
127.55,1.07122871612594e-07,-3.77770241099105e-07,0.564057072131251,-2.15989711720704,6.63560411931964e-07
127.6,8.778407419882e-08,-3.8939438631967e-07,0.454552870357619,-2.21965609016761,5.34747901032952e-07
127.65,6.80447182237112e-08,-3.94412253684152e-07,0.3421595954179,-2.27532950696909,4.02536173848236e-07
127.7,4.82152707491734e-08,-3.96932596008187e-07,0.227101891779114,-2.32606331687215,2.67189920324098e-07
127.75,2.84289200016138e-08,-4.01153643406731e-07,0.10965168326716,-2.37087667518285,1.29029456238961e-07
127.8,8.22939868631543e-09,-4.13588372606003e-07,-0.00986864264274093,-2.40867045464647,-1.15652967231345e-08
127.85,-1.25610870602652e-08,-4.2719790407825e-07,-0.131078509581201,-2.4382360186776,-1.54147393936552e-07
127.9,-3.43454367945385e-08,-4.37500367677207e-07,-0.253534068139486,-2.45829849551384,-2.98195191217811e-07
127.95,-5.64778819872677e-08,-4.3668634463877e-07,-0.376727989063165,-2.46756073429328,-4.43112721082433e-07
128,-7.81124158785625e-08,-4.26463281850183e-07,-0.500088581498582,-2.4647376669179,-5.88227303237127e-07
128.05,-9.92227918391617e-08,-4.20502545661493e-07,-0.622980421484025,-2.44863902540598,-7.32790026268941e-07
128.1,-1.20175106189413e-07,-4.1962957246901e-07,-0.744713829224394,-2.41822678645425,-8.75989508103877e-07
128.15,-1.41145815729488e-07,-4.19212828715422e-07,-0.864550803673452,-2.37268224163058,-1.01695809915447e-06
128.2,-1.62035587810081e-07,-4.1403282832569e-07,-0.981720820489904,-2.3114875027817,-1.15478995341053e-06
128.25,-1.82454080495193e-07,-4.01496330682364e-07,-1.09543584852157,-2.23447756329342,-1.2885583544769e-06
128.3,-2.02082841385423e-07,-3.83040375047161e-07,-1.20490865776644,-2.14188854988196,-1.41733710406939e-06
128.35,-2.20733160362442e-07,-3.62499601061608e-07,-1.30937574666285,-2.03437478946727,-1.54022766410125e-06
128.4,-2.38336299075975e-07,-3.41792209636254e-07,-1.40811496869849,-1.91300244725924,-1.6563803456832e-06
128.45,-2.54893105265949e-07,-3.20630384231463e-07,-1.5004686889941,-1.77920864730708,-1.76502157953342e-06
128.5,-2.70357823473004e-07,-2.97715461624096e-07,-1.58585803700134,-1.63474902075273,-1.86547055611081e-06
128.55,-2.84624108538067e-07,-2.72099115534893e-07,-1.66379859964284,-1.48160319926576,-1.95715754271406e-06
128.6,-2.97541648503501e-07,-2.44038835326328e-07,-1.73390879825717,-1.32188964471485,-2.03963364751822e-06
128.65,-3.08997684194624e-07,-2.14155159596391e-07,-1.7959141789446,-1.1577646771596,-2.11257595518995e-06
128.7,-3.18951679114498e-07,-1.84134674908685e-07,-1.84964636523339,-0.991314814416545,-2.17578622085891e-06
128.75,-3.27429152967272e-07,-1.54626995789695e-07,-1.89503894739394,-0.824492781672134,-2.22918625597753e-06
128.8,-3.34449914804733e-07,-1.26395275705525e-07,-1.93211900257583,-0.659042267036025,-2.27280783202627e-06
128.85,-3.40065375114586e-07,-9.87075256258253e-08,-1.96099146868234,-0.496449128883867,-2.30677446830287e-06
128.9,-3.44302057854701e-07,-7.0753443340028e-08,-1.98183138638253,-0.33792953384138,-2.33129215675703e-06
128.95,-3.47136018251538e-07,-4.2734181131129e-08,-1.99486805299943,-0.184416755648825,-2.34663060690705e-06
129,-3.48588500807804e-07,-1.55749411093183e-08,-2.00036820522083,-0.0365783300662755,-2.35310349331538e-06
129.05,-3.48729042528726e-07,9.74460147221733e-09,-1.99862724761685,0.105168934888687,-2.35105820787144e-06
129.1,-3.47649984987606e-07,3.31925930192674e-08,-1.9899562690448,0.240626280888928,-2.34086069224374e-06
129.15,-3.45430417253533e-07,5.53451419297155e-08,-1.97467011673177,0.369774220043279,-2.32288137321312e-06
129.2,-3.42117731202274e-07,7.69179659301697e-08,-1.95308167773805,0.492747706024038,-2.2974883864438e-06
129.25,-3.37740784666471e-07,9.80315114323261e-08,-1.92549413621828,0.609797199461658,-2.26503839105223e-06
129.3,-3.32330978641709e-07,1.18332785579798e-07,-1.89219531709666,0.72125437007969,-2.22586992869508e-06
129.35,-3.25936949036425e-07,1.37387632143582e-07,-1.8534553173704,0.827513324398438,-2.18030067848539e-06
129.4,-3.18624445090554e-07,1.5500047192579e-07,-1.80952345302345,0.929003554219916,-2.1286238991997e-06
129.45,-3.10453501638246e-07,1.71454577330428e-07,-1.76062710703885,1.02616679681465,-2.07110709944991e-06
129.5,-3.0147114485077e-07,1.87548232872078e-07,-1.70697153873467,1.11944716394716,-2.00799181720516e-06
129.55,-2.91688650123693e-07,2.03435316862252e-07,-1.64873988524422,1.20927528518849,-1.93949349946873e-06
129.6,-2.8112484791256e-07,2.19339036989896e-07,-1.58609468499381,1.29605550410813,-1.86580336954233e-06
129.65,-2.6978640679819e-07,2.35021814375142e-07,-1.5191791646132,1.38015787465727,-1.78708988505425e-06
129.7,-2.57724145899662e-07,2.53276992922363e-07,-1.44811908262974,1.46191182123785,-1.70350127437281e-06
129.75,-2.44887172653981e-07,2.68426650069506e-07,-1.37302245272746,1.54160256906696,-1.61516400010714e-06
129.8,-2.31297942007658e-07,2.77371624968322e-07,-1.29398743049718,1.61945399605193,-1.52219319993042e-06
129.85,-2.17094665875734e-07,2.82437987759781e-07,-1.21110364736922,1.6956258133031,-1.42469455541121e-06
129.9,-2.02531313141764e-07,2.91377039574065e-07,-1.12445221061318,1.77021356513397,-1.32276429201332e-06
129.95,-1.8771488538765e-07,3.07409638155347e-07,-1.0341095611209,1.84323861392899,-1.21649266900397e-06
130,-1.71866807048043e-07,3.28816140453153e-07,-0.940155457454854,1.91463202149027,-1.1059733282062e-06
130.05,-1.54676444300356e-07,3.52404169299033e-07,-0.84267584833383,1.98422865737186,-9.91307038096268e-07
130.1,-1.3663533801975e-07,3.61259489428804e-07,-0.741767141320472,2.05175588016702,-8.72605425617632e-07
130.15,-1.18169608750372e-07,3.61930015912037e-07,-0.63754109236173,2.11683697186737,-7.50000642683224e-07
130.2,-1.00219640482318e-07,3.60600940261876e-07,-0.530131969490311,2.17897294939484,-6.23651284795085e-07
130.25,-8.23882178299911e-08,3.69339277921743e-07,-0.419703245751488,2.23753730234557,-4.93750921605682e-07
130.3,-6.36157233578423e-08,3.96623250423316e-07,-0.306450924726287,2.29177155039327,-3.60531011776913e-07
130.35,-4.33944199313465e-08,4.20503213599023e-07,-0.190613262334832,2.34077191169677,-2.2426951345012e-07
130.4,-2.16184604837291e-08,4.29498227188583e-07,-0.0724776892206744,2.38351374573449,-8.5303332916963e-08
130.45,-7.90606718845028e-11,4.19213448241666e-07,0.0476149743461391,2.41885997061682,5.59670733616748e-08
130.5,2.08351248036995e-08,4.08638898491356e-07,0.169264932994393,2.44558567363281,1.99069412414517e-07
130.55,4.10405591782887e-08,4.12608190823173e-07,0.292008539037065,2.4624100846983,3.43456717082308e-07
130.6,6.18731221716569e-08,4.28246207483545e-07,0.415319033125476,2.46803362502717,4.88509644074375e-07
130.65,8.355262037242e-08,4.40531948209263e-07,0.538604041568171,2.46118724520114,6.33532944313984e-07
130.7,1.05742802921546e-07,4.39536434225761e-07,0.661210435335915,2.44071618378216,7.77759363941603e-07
130.75,1.2749998122102e-07,4.27505846405854e-07,0.782432376698395,2.40564300371184,9.20358364145329e-07
130.8,1.4847238313502e-07,4.1184461690411e-07,0.901519093642267,2.35523905962853,1.060446005234e-06
130.85,1.68683435039841e-07,3.98940270962597e-07,1.01769349199554,2.28909606346621,1.19710749087435e-06
130.9,1.88371127567896e-07,3.890342409744e-07,1.13016549651746,2.20717041972599,1.32941340169977e-06
130.95,2.07579051839225e-07,3.78300098047409e-07,1.23815323224552,2.10982658737686,1.45644439289366e-06
131,2.26113628496857e-07,3.62449652837244e-07,1.34090406961046,1.99784696170128,1.57731557066274e-06
131.05,2.43713920152043e-07,3.40324714220871e-07,1.43771357616285,1.87241878869246,1.69119840769239e-06
131.1,2.60105243256327e-07,3.14392348724177e-07,1.52794734051278,1.73508626683001,1.79734636329128e-06
131.15,2.75144299437813e-07,2.87156256448124e-07,1.61105441132366,1.58768819936425,1.89511106997653e-06
131.2,2.88814095758641e-07,2.60204528420415e-07,1.68658201189975,1.43225655903153,1.9839597430256e-06
131.25,3.01144598205028e-07,2.33302695917577e-07,1.75418184839312,1.27093355900905,2.06348269653162e-06
131.3,3.12140180942315e-07,2.06099674537947e-07,1.81361305262181,1.10586319002405,2.13339662554331e-06
131.35,3.21738808734511e-07,1.77414260752105e-07,1.86473958966933,0.939096165922578,2.19354163164915e-06
131.4,3.29870325221768e-07,1.47658377598978e-07,1.90752557442695,0.772526680601959,2.24387545853629e-06
131.45,3.36479644887371e-07,1.1688653822238e-07,1.94202402438593,0.60782170533588,2.28446046684917e-06
131.5,3.41578149477132e-07,8.74492147261694e-08,1.96836273415536,0.44638468320515,2.3154467385276e-06
131.55,3.45255593564693e-07,6.01501266759496e-08,1.98673534832569,0.289343886461979,2.33706198005838e-06
131.6,3.47622505740109e-07,3.45746359651431e-08,1.99738481540195,0.137546805781091,2.34959202416751e-06
131.65,3.4872693942104e-07,9.4323376334904e-09,2.00058768306635,-0.00842010678051662,2.35336231970408e-06
131.7,3.48572637817923e-07,-1.56886743120484e-08,1.99664553888648,-0.148212342298226,2.34872767834676e-06
131.75,3.47163853012017e-07,-4.04127273456591e-08,1.9858718540259,-0.281691432659424,2.33605680795912e-06
131.8,3.44552486719988e-07,-6.36213656728087e-08,1.96858138084014,-0.408888159323096,2.31571984531623e-06
131.85,3.40829553988937e-07,-8.49839490190488e-08,1.9450847272518,-0.529977266614468,2.28808213488925e-06
131.9,3.36087982138082e-07,-1.04521458852036e-07,1.91568087295279,-0.645238612296464,2.253495379462e-06
131.95,3.30392561490793e-07,-1.23230481627254e-07,1.88065225984521,-0.75502529291382,2.21229193053319e-06
132,3.23766262178768e-07,-1.41734843956979e-07,1.84026275650432,-0.859745496561946,2.16478225188409e-06
132.05,3.16218688715922e-07,-1.60034149892832e-07,1.79475487766969,-0.959835013376144,2.11125162229169e-06
132.1,3.07775259969334e-07,-1.77584221884288e-07,1.74434906734468,-1.05573706206636,2.05195930068172e-06
132.15,2.98481006604337e-07,-1.94092347331209e-07,1.68924370503384,-1.14789230332767,1.98713861719005e-06
132.2,2.88401022532598e-07,-2.09228349885611e-07,1.62961515162008,-1.23672505149519,1.91699699671102e-06
132.25,2.7758950338924e-07,-2.22991888534811e-07,1.5656198209816,-1.32262947263279,1.84171843448457e-06
132.3,2.66087997483859e-07,-2.3705342942861e-07,1.49739511852579,-1.40596436737583,1.7614647413059e-06
132.35,2.53923093550136e-07,-2.50313308173836e-07,1.42506139472552,-1.48704480458847,1.67637737399539e-06
132.4,2.41002111648115e-07,-2.65486387632732e-07,1.34872349980561,-1.5661388785463,1.58657995746987e-06
132.45,2.27272053663056e-07,-2.82921843151348e-07,1.26847629189242,-1.64345206391429,1.4921841135197e-06
132.5,2.12756549708243e-07,-2.9815498721632e-07,1.1844057210881,-1.71912354871236,1.39329047829866e-06
132.55,1.97292923329976e-07,-3.09002311949144e-07,1.09659093843615,-1.79322430185126,1.28999193014734e-06
132.6,1.81274907455667e-07,-3.17327597999152e-07,1.00510960109093,-1.86574788697455,1.18238001619227e-06
132.65,1.65478898990536e-07,-3.20576582859149e-07,0.910042856629311,-1.93659680775936,1.07054992433479e-06
132.7,1.49697541192816e-07,-3.27660492924607e-07,0.8114805905448,-2.0055760873433,9.54608328297268e-07
132.75,1.32844942585232e-07,-3.55540924629817e-07,0.709522067887765,-2.07239121809129,8.34673782861378e-07
132.8,1.14450484162744e-07,-3.83325635626135e-07,0.604284938660229,-2.13661991920616,7.10882484409226e-07
132.85,9.48055358703617e-08,-3.92905836533636e-07,0.495912168028774,-2.19771516734671,5.83400701506313e-07
132.9,7.50792022030809e-08,-3.91374781069291e-07,0.384576694648442,-2.25500846890108,4.5243261490134e-07
132.95,5.55550032559519e-08,-3.89876074518716e-07,0.270487859363235,-2.30769902578012,3.1822565297235e-07
133,3.60346717986932e-08,-3.96423438564528e-07,0.15389896999707,-2.3548540399015,1.81078634522224e-07
133.05,1.59909798760547e-08,-4.09153659671141e-07,0.0351123574170808,-2.39541330496606,4.134700607339e-08
133.1,-4.88868553808004e-09,-4.24678048067202e-07,-0.0855131127444074,-2.42820551765789,-1.00547442575444e-07
133.15,-2.64623453027616e-08,-4.34076711250471e-07,-0.207557888819015,-2.451980808075,-2.44112116785756e-07
133.2,-4.82097101121413e-08,-4.33639854811e-07,-0.330539291220999,-2.46543941316943,-3.88779613754266e-07
133.25,-6.97547702746029e-08,-4.286640687082e-07,-0.453908303318362,-2.46728711333171,-5.33903547823256e-07
133.3,-9.10744068031172e-08,-4.25051317027101e-07,-0.577053955198343,-2.4562946399129,-6.78764591726306e-07
133.35,-1.12286115214577e-07,-4.23534321191065e-07,-0.699305320380595,-2.43135155803672,-8.22573433349775e-07
133.4,-1.33437831923499e-07,-4.22220636691133e-07,-0.819941147621407,-2.39155222898239,-9.64481838128594e-07
133.45,-1.54411650918528e-07,-4.16169835721296e-07,-0.938202162550846,-2.33625742527078,-1.10359716441942e-06
133.5,-1.74953013214953e-07,-4.04473983630231e-07,-1.05330336092843,-2.26516390325905,-1.23899607906204e-06
133.55,-1.94797757280097e-07,-3.88502578703311e-07,-1.16445629285908,-2.17835548946747,-1.36975095587889e-06
133.6,-2.13775847681682e-07,-3.70250676744201e-07,-1.27088511406119,-2.07632896862771,-1.49494893127019e-06
133.65,-2.31799674814138e-07,-3.50762944367871e-07,-1.37185041949678,-1.95999715735777,-1.61372010648789e-06
133.7,-2.48818733591997e-07,-3.29843176251384e-07,-1.4666680595641,-1.83066563438713,-1.72525971238273e-06
133.75,-2.64752319624304e-07,-3.06976010154678e-07,-1.55472751835118,-1.68997825840446,-1.82884963136659e-06
133.8,-2.79476892853649e-07,-2.81640976322183e-07,-1.63550824013627,-1.53984097314957,-1.9238775697994e-06
133.85,-2.92875671656035e-07,-2.53997567474871e-07,-1.70858888463201,-1.38233702344355,-2.00984787314139e-06
133.9,-3.04855912183134e-07,-2.24955310267046e-07,-1.77365471697814,-1.21961208088912,-2.08639021169036e-06
133.95,-3.15380712147152e-07,-1.95430727904834e-07,-1.83049829393402,-1.0537945000018,-2.15326046600212e-06
134,-3.24414962163687e-07,-1.66216612535e-07,-1.87901657722529,-0.886898819657127,-2.21033734497943e-06
134.05,-3.31993839708419e-07,-1.37503298626381e-07,-1.91920083238918,-0.720744621946814,-2.25761055392075e-06
134.1,-3.38147779374229e-07,-1.09113709418699e-07,-1.95112922006824,-0.556923179901154,-2.29517205464645e-06
134.15,-3.42891424497779e-07,-8.069995646904e-08,-1.97495424206555,-0.396753172895989,-2.32320127714353e-06
134.2,-3.46232513211468e-07,-5.25475607362335e-08,-1.99088358372961,-0.241274265024718,-2.34194249910424e-06
134.25,-3.48182705373284e-07,-2.54475584953189e-08,-1.99917239987248,-0.091249675732539,-2.35169578503868e-06
134.3,-3.48811389273618e-07,1.17236485615291e-10,-2.00010798315944,0.0528145792550517,-2.35279903682059e-06
134.35,-3.48192989281841e-07,2.41022754440331e-08,-1.99399537881092,0.190637569528972,-2.34561108543424e-06
134.4,-3.46405292674795e-07,4.70233761695165e-08,-1.98114949439694,0.322139529082009,-2.33050242229662e-06
134.45,-3.43496079633448e-07,6.9164276766942e-08,-1.96188545029726,0.447403477991354,-2.30784376472691e-06
134.5,-3.39505745644621e-07,9.05876831355886e-08,-1.93650991949294,0.566635560104037,-2.27799586979469e-06
134.55,-3.34465808741857e-07,1.11019965772659e-07,-1.90531728074663,0.680142907185133,-2.24130499702818e-06
134.6,-3.28432367083924e-07,1.30212369212491e-07,-1.86858478408052,0.788301079033105,-2.19809725942034e-06
134.65,-3.21462148705413e-07,1.48149037122325e-07,-1.82656948669306,0.891525291900662,-2.14867504093837e-06
134.7,-3.1361883521955e-07,1.65226762724213e-07,-1.77950717190263,0.990256157872185,-2.0933157437626e-06
134.75,-3.04937003293253e-07,1.81739392172421e-07,-1.72761128402796,1.08494010782781,-2.03227048106545e-06
134.8,-2.95451283282062e-07,1.97932033736789e-07,-1.67107330024766,1.17601247667114,-1.96576452015051e-06
134.85,-2.85169003509443e-07,2.13777472815313e-07,-1.61006344470103,1.26388777236902,-1.89399809893571e-06
134.9,-2.74127866269692e-07,2.29328646428487e-07,-1.5447316374034,1.34895148316775,-1.81714757930546e-06
134.95,-2.62314325906151e-07,2.43740901664842e-07,-1.47520903015002,1.431551578941,-1.73536715091231e-06
135,-2.4976167672522e-07,2.56891889682338e-07,-1.40161200365702,1.51198601557353,-1.64879370370134e-06
135.05,-2.36565640654363e-07,2.69569679243725e-07,-1.32404257445554,1.59050136362339,-1.55754732635922e-06
135.1,-2.2268745378269e-07,2.79369503282882e-07,-1.24259162719884,1.66728425260041,-1.46173467659976e-06
135.15,-2.08223103191771e-07,2.90916361304866e-07,-1.15734090910961,1.74246081386058,-1.36145240354727e-06
135.2,-1.93238816372664e-07,3.08425822787818e-07,-1.06836991732486,1.81607864460813,-1.25679446636417e-06
135.25,-1.77559367998357e-07,3.29180514422964e-07,-0.975759041549688,1.88809747436,-1.14785514426754e-06
135.3,-1.60796252989239e-07,3.45299361161459e-07,-0.879589955780966,1.95838911182744,-1.03472968359477e-06
135.35,-1.43135633694242e-07,3.60478021557858e-07,-0.779953494373732,2.02672935862789,-9.17525325149378e-07
135.4,-1.25207747892896e-07,3.60941235842159e-07,-0.676954754643321,2.09277845063917,-7.96364248417407e-07
135.45,-1.07340278990772e-07,3.51527751383944e-07,-0.570720677752298,2.1560813438258,-6.71396288285147e-07
135.5,-8.96239779728217e-08,3.61809804589526e-07,-0.461402227960917,2.216066894133,-5.42802142833492e-07
135.55,-7.16359532584813e-08,3.83750131683826e-07,-0.349181770385211,2.27202114438687,-4.10795488544521e-07
135.6,-5.14882124975289e-08,4.18248303522211e-07,-0.234280952254405,2.32309706333761,-2.75637151740756e-07
135.65,-2.92645578433826e-08,4.45383303117306e-07,-0.116969151455913,2.36831471365588,-1.37641914029415e-07
135.7,-7.14281051526315e-09,4.26098871586468e-07,0.00243420136026762,2.40656504490799,2.81857868812288e-09
135.75,1.35925244628985e-08,4.02456345411692e-07,0.123551524197069,2.4366627725854,1.45295734867254e-07
135.8,3.33683749516052e-08,4.0082324785565e-07,0.245943591807045,2.45734881336697,2.89270102045017e-07
135.85,5.36872828026663e-08,4.17321649458392e-07,0.369107802242448,2.46731978748299,4.34150859727877e-07
135.9,7.51648611642035e-08,4.38293937287231e-07,0.492475477498473,2.4652877062058,5.79270489389931e-07
135.95,9.73511915743863e-08,4.46058252366415e-07,0.615416564643772,2.45004750234857,7.23889698645271e-07
136,1.19472169471435e-07,4.3750901114311e-07,0.737242588123263,2.4205415831439,8.67198935871457e-07
136.05,1.40879551986474e-07,4.16361271061382e-07,0.857218685433837,2.37594410204663,1.00833336472705e-06
136.1,1.61284405891803e-07,4.00059569361204e-07,0.974576385670696,2.31572095378013,1.14638716864804e-06
136.15,1.81020112336797e-07,3.90501063609548e-07,1.08852703787267,2.23968582181242,1.28043242938324e-06
136.2,2.00338233173417e-07,3.82716509208833e-07,1.19828457999767,2.14804760670534,1.40954499702001e-06
136.25,2.19182980130712e-07,3.70332365193435e-07,1.30308200760726,2.04143208724715,1.53282328763637e-06
136.3,2.37256583374626e-07,3.50519422932545e-07,1.40219512034787,1.92087710973468,1.64941569614638e-06
136.35,2.54176513737319e-07,3.25064567260693e-07,1.49496096777092,1.78780197790485,1.75854218194658e-06
136.4,2.69714765456417e-07,2.96882813574253e-07,1.58079540948854,1.64394321930418,1.85951529277471e-06
136.45,2.83868370082059e-07,2.69194507661966e-07,1.65920824750886,1.49127174692774,1.95175805204544e-06
136.5,2.96667237361039e-07,2.42885155314201e-07,1.72981107240918,1.33190469892783,2.03481346654538e-06
136.55,3.08153483502857e-07,2.16710233738607e-07,1.79232278115824,1.16798915941252,2.10835099568345e-06
136.6,3.182819353256e-07,1.89034710712652e-07,1.84656894908543,1.00162551828097,2.17216562957771e-06
136.65,3.26999005657583e-07,1.59002738212001e-07,1.89247752525334,0.834775785500195,2.22617270222096e-06
136.7,3.34195217904625e-07,1.28049397173673e-07,1.9300678493686,0.669192105525108,2.27039481251997e-06
136.75,3.39872002168845e-07,9.78945193169468e-08,1.95944249236647,0.506383452214241,2.30495243729327e-06
136.8,3.4405283622574e-07,7.00290622673814e-08,1.98077338453539,0.34758204813364,2.33004766735954e-06
136.85,3.46871997152566e-07,4.42309454879135e-08,1.99428403503243,0.193740033770652,2.34594344796737e-06
136.9,3.48440022836399e-07,1.91906402111765e-08,2.0002411126057,0.0455371863593589,2.3529536090334e-06
136.95,3.48769028804899e-07,-6.1514664327654e-09,1.99893908896184,-0.0965956425426246,2.35142465978393e-06
137,3.47843354592217e-07,-3.13830549181243e-08,1.99068670301686,-0.232442585493385,2.34171973751119e-06
137.05,3.45686370221831e-07,-5.5401706086315e-08,1.97579989003644,-0.361978257929895,2.32421037217835e-06
137.1,3.4235788437332e-07,-7.73133199359662e-08,1.95459207700244,-0.485328678342633,2.29926516509604e-06
137.15,3.37968815463833e-07,-9.72317910535318e-08,1.92736635450197,-0.602733259056011,2.26724066462404e-06
137.2,3.32619747093311e-07,-1.16109869431158e-07,1.89441225637423,-0.714524423450674,2.22847756014686e-06
137.25,3.26347722964502e-07,-1.34787009232475e-07,1.85600096331704,-0.821093309708802,2.18329493966017e-06
137.3,3.19155782099332e-07,-1.53346479625732e-07,1.81238294825395,-0.92286463270663,2.13198745224764e-06
137.35,3.11063521236744e-07,-1.71348002448495e-07,1.7637871189282,-1.02028208637327,2.0748243239755e-06
137.4,3.02083361848317e-07,-1.88151740150552e-07,1.7104198381129,-1.11379099239236,2.01204823944024e-06
137.45,2.92257636541528e-07,-2.03452409851794e-07,1.65246592115423,-1.20382015758831,1.94387657144652e-06
137.5,2.81701102985989e-07,-2.17556314428862e-07,1.59008911558816,-1.29077611287264,1.87050197436362e-06
137.55,2.70419421816406e-07,-2.31086490099022e-07,1.52343336713376,-1.37503355393242,1.79209384231664e-06
137.6,2.58497621871598e-07,-2.45791029199709e-07,1.4526248964913,-1.4569263904607,1.70880083729968e-06
137.65,2.45887131689216e-07,-2.61653427558381e-07,1.37777526985452,-1.53673729171261,1.62075419690526e-06
137.7,2.32480149790211e-07,-2.78194527591205e-07,1.29898246149791,-1.61469531458997,1.52806912135348e-06
137.75,2.18361638970368e-07,-2.94615771629685e-07,1.21633416522568,-1.69096889763789,1.43084868395046e-06
137.8,2.03403770434781e-07,-3.04933093423072e-07,1.12991143009282,-1.76565600050327,1.32918759561046e-06
137.85,1.87787696996e-07,-3.10256720816653e-07,1.03979405903912,-1.83877612664034,1.22317984829006e-06
137.9,1.71978190387982e-07,-3.17450860976558e-07,0.946061288429445,-1.9102685339052,1.11291937324653e-06
137.95,1.55765491250419e-07,-3.24654848770502e-07,0.848797394761823,-1.97997668203502,9.98505112066273e-07
138,1.38877815021493e-07,-3.46287284060918e-07,0.748096920118982,-2.04764647023992,8.80049796005541e-07
138.05,1.21011332103333e-07,-3.77651538469679e-07,0.644072341118838,-2.11290181715014,7.57685240894646e-07
138.1,1.01764462660946e-07,-3.91842779130239e-07,0.536855815895219,-2.17524105879888,6.31564076543469e-07
138.15,8.19666983604686e-08,-3.92177681409802e-07,0.426607357198995,-2.2340444644993,5.01874880893346e-07
138.2,6.27108726250788e-08,-3.8244397915888e-07,0.313522474873528,-2.28855866129747,3.6884803798679e-07
138.25,4.3741248421691e-08,-3.84695897332546e-07,0.197837629352458,-2.33790422841671,2.32764026629521e-07
138.3,2.43116463118368e-08,-4.03118967342461e-07,0.0798352464779262,-2.38106804667207,9.39555151628131e-08
138.35,3.48506150100559e-09,-4.27832973100697e-07,-0.0401474730201057,-2.41691416574344,-4.71818752518848e-08
138.4,-1.85717579769615e-08,-4.43175469391073e-07,-0.161713844249668,-2.44421856841309,-1.90183158849267e-07
138.45,-4.08368353317291e-08,-4.3710063284282e-07,-0.284405796928708,-2.46169251447874,-3.34510759259187e-07
138.5,-6.24140215046176e-08,-4.23401732183409e-07,-0.407697954239802,-2.46803231220998,-4.79545204652246e-07
138.55,-8.30198139757797e-08,-4.12510485594835e-07,-0.531002030339342,-2.46198415309914,-6.24593374953342e-07
138.6,-1.0368336246754e-07,-4.20033272181233e-07,-0.653670332614936,-2.44238879647181,-7.6889172297449e-07
138.65,-1.2491078371215e-07,-4.29455012292035e-07,-0.774998410923264,-2.40824649391873,-9.11613317371653e-07
138.7,-1.46535289745908e-07,-4.28656389961374e-07,-0.894239615613691,-2.35881086684917,-1.05188112321192e-06
138.75,-1.67670248479304e-07,-4.14086024943874e-07,-1.01061725575149,-2.29364457005372,-1.18878186487982e-06
138.8,-1.87823241747805e-07,-3.92312401010218e-07,-1.12334058458541,-2.21268361591521,-1.32138466697018e-06
138.85,-2.06908446543871e-07,-3.71608631622422e-07,-1.23162778358123,-2.11627022117669,-1.44876897719622e-06
138.9,-2.25047069675387e-07,-3.54412222871542e-07,-1.33472254523949,-2.00516425827491,-1.57004486719684e-06
138.95,-2.42356092519907e-07,-3.38148080811433e-07,-1.43191835833479,-1.88052625379095,-1.68438151349098e-06
139,-2.58781948110523e-07,-3.18657130714034e-07,-1.52257499117132,-1.74388186716137,-1.79102622635696e-06
139.05,-2.74137519337591e-07,-2.93888671038741e-07,-1.60613648241113,-1.59704766998742,-1.88932522435772e-06
139.1,-2.88146109346508e-07,-2.65245154636281e-07,-1.68214360705307,-1.44205002594296,-1.97873815694103e-06
139.15,-3.00637843495633e-07,-2.34661844090368e-07,-1.75024117686617,-1.28102921001552,-2.05884699965817e-06
139.2,-3.11607378703092e-07,-2.04796919685922e-07,-1.81018161884796,-1.11612609465576,-2.1293602436185e-06
139.25,-3.2112655748703e-07,-1.76099510787532e-07,-1.86182330869856,-0.949407868903558,-2.19011124377495e-06
139.3,-3.29250939190664e-07,-1.48918435857596e-07,-1.90512429644573,-0.782778005195927,-2.24105061614111e-06
139.35,-3.36005458436413e-07,-1.21090929701192e-07,-1.94013075760665,-0.617913790723992,-2.28223290633766e-06
139.4,-3.41342690257348e-07,-9.22534809909114e-08,-1.9669683766844,-0.456239403817819,-2.31380599984095e-06
139.45,-3.45209132727121e-07,-6.25623116963545e-08,-1.98582734675927,-0.298898683145311,-2.33599361117113e-06
139.5,-3.47620111948889e-07,-3.42546956798356e-08,-1.99694551673823,-0.146758538288046,-2.34907529501818e-06
139.55,-3.48678621549987e-07,-8.502296329073e-09,-2.00059963510504,-0.000418681252338432,-2.35337647723291e-06
139.6,-3.48512064205592e-07,1.49751657008306e-08,-1.99709025405043,0.139761532713414,-2.34925073768515e-06
139.65,-3.47195994638088e-07,3.76540118829496e-08,-1.98672903598727,0.273628915838714,-2.33706485151924e-06
139.7,-3.44744751754037e-07,6.02449732326462e-08,-1.96983201539678,0.401210074226305,-2.31719065629897e-06
139.75,-3.41166078059886e-07,8.28007246279867e-08,-1.94671015648251,0.522670920377605,-2.28999395595731e-06
139.8,-3.36487088610003e-07,1.04196137087151e-07,-1.91766261157986,0.638281607163532,-2.2558265357015e-06
139.85,-3.30783032503467e-07,1.23888209006131e-07,-1.88297355548395,0.748395374037437,-2.21502262340571e-06
139.9,-3.24141643096893e-07,1.41588347730711e-07,-1.84290796428367,0.853417068457679,-2.16789388959919e-06
139.95,-3.16637608431329e-07,1.58224063564355e-07,-1.7977095881927,0.95377827188821,-2.11472716408226e-06
140,-3.08304623640347e-07,1.74907848005146e-07,-1.74760038397383,1.04992560468468,-2.05578365970937e-06
140.05,-2.99133583310409e-07,1.91763377771061e-07,-1.69277984552231,1.14230092204553,-1.99129806135206e-06
140.1,-2.89131445681396e-07,2.08498177287988e-07,-1.63342606348401,1.23132717257149,-1.92147983265628e-06
140.15,-2.78324229524921e-07,2.25358046592917e-07,-1.56969669258099,1.31740090171368,-1.84651445442517e-06
140.2,-2.66747748292884e-07,2.42244849562306e-07,-1.50172952748557,1.40088524733902,-1.76656400916055e-06
140.25,-2.54418980208302e-07,2.5420182562798e-07,-1.42964534218246,1.48209909046039,-1.68177004579708e-06
140.3,-2.41432502670777e-07,2.61726677199245e-07,-1.35355203417349,1.56130753184265,-1.59225954044896e-06
140.35,-2.27963931405469e-07,2.71155806960934e-07,-1.27354473718822,1.63872163040967,-1.49814506944823e-06
140.4,-2.1415911433804e-07,2.86067876697218e-07,-1.18970804585976,1.71449129588562,-1.39952652127136e-06
140.45,-1.99462490362431e-07,3.05002353603021e-07,-1.10212174943178,1.78869244232077,-1.29649760111214e-06
140.5,-1.83502532896125e-07,3.28222777244548e-07,-1.01086446676532,1.86132073308573,-1.18915081891272e-06
140.55,-1.66612486053285e-07,3.4121801559865e-07,-0.916017444324709,1.93227878886958,-1.07758022007129e-06
140.6,-1.48966694171589e-07,3.429798529309e-07,-0.817667858442633,2.00137890278351,-9.61888247100644e-07
140.65,-1.31675942167136e-07,3.4203154163748e-07,-0.715914857762461,2.06833082364604,-8.42192429453622e-07
140.7,-1.15004082162559e-07,3.46257479539029e-07,-0.610876850122457,2.13272623741636,-7.18632884608267e-07
140.75,-9.74471750866908e-08,3.73055268085511e-07,-0.502694062950856,2.19403788877855,-5.913763987689e-07
140.8,-7.84584155149653e-08,4.06371007404873e-07,-0.391536063577945,2.25159880229057,-4.60620749924156e-07
140.85,-5.74965127934037e-08,4.20531752416569e-07,-0.277609877015827,2.30460446740797,-3.2660676618209e-07
140.9,-3.61440362948483e-08,4.12569764152604e-07,-0.161166727283774,2.35212663744394,-1.89629658954894e-07
140.95,-1.56836613123288e-08,3.99813169280844e-07,-0.0425059457165553,2.39311777620523,-5.00433667855291e-08
141,4.19955972442325e-09,4.02419870674688e-07,0.0780170782794038,2.42642161485016,9.17319307343378e-08
141.05,2.45588523708648e-08,4.18387348477071e-07,0.199987307938879,2.45079325340342,2.35208221743216e-07
141.1,4.58394226102117e-08,4.34861569367656e-07,0.322925840750021,2.46493113416121,3.79823509258028e-07
141.15,6.79140757918947e-08,4.41800189820704e-07,0.446288144252715,2.46753726253257,5.24938297408098e-07
141.2,8.99856875270812e-08,4.37441462834526e-07,0.569467035719248,2.45737188028297,6.69838520770263e-07
141.25,1.1159138659128e-07,4.26086849796828e-07,0.69179390225953,2.43331483193346,8.13737213070821e-07
141.3,1.3253023588018e-07,4.14413679176167e-07,0.812551119046572,2.39445191739478,9.55789503397228e-07
141.35,1.5307397604056e-07,4.08314571164248e-07,0.930981249568391,2.34012647789581,1.09510377153333e-06
141.4,1.7337541987116e-07,4.03033173294211e-07,1.04630039805978,2.27001244878299,1.23075839342256e-06
141.45,1.93305466155977e-07,3.93064808659952e-07,1.15771998983039,2.18416645286755,1.3618263198044e-06
141.5,2.12567185037036e-07,3.76384681782198e-07,1.264462490502,2.08305809941396,1.48739312217049e-06
141.55,2.30858962548839e-07,3.54405467886348e-07,1.36578587098235,1.96757486959452,1.60658577625906e-06
141.6,2.47989167592476e-07,3.3024981904475e-07,1.46100170430117,1.83900094856501,1.71859413188649e-06
141.65,2.63878880621902e-07,3.05857208535889e-07,1.5494946283683,1.69896128492879,1.82269411228394e-06
141.7,2.78550624651435e-07,2.8119859488841e-07,1.63073816707362,1.54934899557633,1.91826640770742e-06
141.75,2.91981636583084e-07,2.55664708694358e-07,1.70430457608468,1.3922385880293,2.00480791124421e-06
141.8,3.0409180773103e-07,2.28263222498729e-07,1.76987251912072,1.22977374264205,2.08194072793211e-06
141.85,3.14780495037701e-07,1.99139532302478e-07,1.82722814713123,1.06408825016704,2.14941328412705e-06
141.9,3.23971431370367e-07,1.68374693253077e-07,1.87626175123757,0.897203390637122,2.20709651679201e-06
141.95,3.31631764803526e-07,1.38079265182968e-07,1.91695911699189,0.730953979893244,2.25497348275898e-06
142,3.37813644966535e-07,1.08933915204413e-07,1.94939381039291,0.566947054243367,2.29313064869949e-06
142.05,3.42575214361165e-07,8.17182379150007e-08,1.97371396465268,0.406519168220115,2.32174218696737e-06
142.1,3.45989020129205e-07,5.54600333469766e-08,1.99012384891017,0.250726299548924,2.34104848905841e-06
142.15,3.48097068838666e-07,2.87942368583773e-08,1.99887655532687,0.100347677291176,2.35134742010852e-06
142.2,3.48867573359627e-07,2.17524063615484e-09,2.00025768128849,-0.0440953811936096,2.35297489076525e-06
142.25,3.48328392530777e-07,-2.34086691704956e-08,1.99457127803775,-0.182308388416564,2.34628846340376e-06
142.3,3.46562542847637e-07,-4.70079979521929e-08,1.98213207438004,-0.31420007156179,2.33165826488459e-06
142.35,3.4366839841022e-07,-6.85590388266e-08,1.96325547396289,-0.439844402046579,2.30945530916574e-06
142.4,3.3972863086132e-07,-8.87404342849732e-08,1.93824870322135,-0.559440396890518,2.28004106921091e-06
142.45,3.34789085488627e-07,-1.08670397260802e-07,1.90740715242022,-0.673291016106932,2.2437631409489e-06
142.5,3.28860039085969e-07,-1.28350684345656e-07,1.8710091755541,-0.781767969645132,2.20094896238925e-06
142.55,3.21965434816605e-07,-1.47419069703211e-07,1.82931310382918,-0.885284446775403,2.1519023796943e-06
142.6,3.14149021025247e-07,-1.65251752283368e-07,1.78255610859947,-0.984280042761762,2.09690232039172e-06
142.65,3.05477840346228e-07,-1.81643981965604e-07,1.7309529681762,-1.07920138319542,2.0362014143848e-06
142.7,2.96009197450943e-07,-1.9665609556154e-07,1.67469655682574,-1.17048411756689,1.97002655296883e-06
142.75,2.85796944420891e-07,-2.11582903227259e-07,1.61395833020098,-1.25854515006437,1.89857956191927e-06
142.8,2.74835373545428e-07,-2.26356005269172e-07,1.54888935022652,-1.34377234604667,1.8220381336151e-06
142.85,2.63121246856242e-07,-2.41984148946834e-07,1.47962223652755,-1.42651553508022,1.7405583794974e-06
142.9,2.50647738451819e-07,-2.5760900471696e-07,1.40627403130319,-1.50707594411778,1.65427789015293e-06
142.95,2.37379349855632e-07,-2.72852437339083e-07,1.32894737571821,-1.58570372157618,1.56331736626854e-06
143,2.23366601806755e-07,-2.88325583254517e-07,1.2477331739661,-1.66259197989298,1.46778380606047e-06
143.05,2.0880479632926e-07,-2.97599282962661e-07,1.16271420825634,-1.73786650060622,1.36777391235525e-06
143.1,1.93808007399281e-07,-3.02031565458474e-07,1.07397129258708,-1.81157594139034,1.2633828925425e-06
143.15,1.78399166076327e-07,-3.11602925807474e-07,0.981583540296498,-1.88369146035065,1.15470486124388e-06
143.2,1.62516248358539e-07,-3.32590999810433e-07,0.885631568253005,-1.95409715219981,1.04183531189803e-06
143.25,1.45455900474221e-07,-3.54170932594774e-07,0.786205999197812,-2.02256944928189,9.24879707649143e-07
143.3,1.27058570433256e-07,-3.70109679616055e-07,0.683411974240895,-2.08877612144063,8.03961073550455e-07
143.35,1.08247341846795e-07,-3.72445977333752e-07,0.577373666901974,-2.152267353762,6.79224641215764e-07
143.4,8.93281485642718e-08,-3.71496134082821e-07,0.468239866751425,-2.2124740681066,5.50846523281671e-07
143.45,7.08221565737247e-08,-3.77095444555655e-07,0.356192173012721,-2.26869506781257,4.19041376919391e-07
143.5,5.18695325573865e-08,-3.94656339153849e-07,0.241450783188408,-2.32009491153064,2.84068798202942e-07
143.55,3.17757813456664e-08,-4.17374421362746e-07,0.124279507150168,-2.36570369970391,1.4623839980966e-07
143.6,1.05229669118079e-08,-4.29337347423139e-07,0.00499502899546272,-2.40442567034481,5.92103338073817e-09
143.65,-1.11638921643979e-08,-4.27907510660034e-07,-0.116028535542081,-2.43507118935957,-1.36443492967366e-07
143.7,-3.25980331666467e-08,-4.21103923295981e-07,-0.238356761623577,-2.45637638154835,-2.8034330540986e-07
143.75,-5.35673371247008e-08,-4.19010666525195e-07,-0.361489063413475,-2.46703858318375,-4.25188485147797e-07
143.8,-7.44258346194814e-08,-4.25034068797468e-07,-0.484861510834509,-2.46578056762056,-5.70315302309036e-07
143.85,-9.58021057872962e-08,-4.33371607423783e-07,-0.607848272788525,-2.45138841260482,-7.14988180136765e-07
143.9,-1.1754269256687e-07,-4.34170716607914e-07,-0.729763561851241,-2.42279217540493,-8.5840143948084e-07
143.95,-1.39143288836468e-07,-4.2468585078393e-07,-0.849876186908352,-2.37914996189925,-9.99695242963686e-07
144,-1.60040244543316e-07,-4.09635651971099e-07,-0.967418437587903,-2.31990149514354,-1.13796600845509e-06
144.05,-1.80105599526479e-07,-3.94322489962878e-07,-1.08160250090432,-2.24483950342488,-1.27228644494145e-06
144.1,-1.99462164459078e-07,-3.8047799393785e-07,-1.19164164814818,-2.15414920195647,-1.40173091281245e-06
144.15,-2.1814399998485e-07,-3.66394831759559e-07,-1.29676676018708,-2.04843211057546,-1.52539484929353e-06
144.2,-2.36051277619732e-07,-3.49122718149684e-07,-1.39625099531921,-1.92870096802356,-1.64242355493277e-06
144.25,-2.52975125438533e-07,-3.27165026743962e-07,-1.48942649425723,-1.79635346636692,-1.75203156037345e-06
144.3,-2.68699712885462e-07,-3.0109112106556e-07,-1.57570438246476,-1.65310560813783,-1.85352609135596e-06
144.35,-2.83073728425246e-07,-2.73151823012964e-07,-1.65458802057473,-1.50091874203603,-1.94632269614557e-06
144.4,-2.96015427039997e-07,-2.44960941678831e-07,-1.72568242164231,-1.34190175062947,-2.02995656747657e-06
144.45,-3.07554931937609e-07,-2.17017842860749e-07,-1.78869989804798,-1.1782038622461,-2.10408923547175e-06
144.5,-3.17697980133358e-07,-1.88924335557183e-07,-1.84345996033514,-1.01193424507304,-2.16850842580752e-06
144.55,-3.26443583449046e-07,-1.60376071661576e-07,-1.88988362021335,-0.845061070063075,-2.22312125375628e-06
144.6,-3.33738768269377e-07,-1.3094995820241e-07,-1.9279851685899,-0.679353072439536,-2.26794457477027e-06
144.65,-3.39556645643144e-07,-1.01387685740624e-07,-1.95786341030401,-0.516334593001761,-2.3030945384531e-06
144.7,-3.43880628423785e-07,-7.22154540414802e-08,-1.97968512060654,-0.357255321976505,-2.3287672731376e-06
144.75,-3.46791323034538e-07,-4.4946472583335e-08,-1.99367121211017,-0.203084211644069,-2.34522248697107e-06
144.8,-3.48385582366016e-07,-1.94015970479245e-08,-2.00008666413269,-0.054517506863565,-2.35277190352476e-06
144.85,-3.4874653590177e-07,5.11627228622633e-09,-1.99922412308102,0.0879979400721957,-2.35175984669356e-06
144.9,-3.47891713966447e-07,2.93070138790134e-08,-1.99139177931697,0.224234998769405,-2.34254892557863e-06
144.95,-3.45840090277387e-07,5.28873590963164e-08,-1.97690571510827,0.354158706391897,-2.32551092930774e-06
145,-3.42620168323208e-07,7.54927779607914e-08,-1.95607939962839,0.47788511439785,-2.30101456457656e-06
145.05,-3.38309321192992e-07,9.64234645541539e-08,-1.92921677593463,0.595648140601059,-2.26941729686925e-06
145.1,-3.32990881308962e-07,1.15843899656642e-07,-1.89660844075995,0.707775613349404,-2.23106098290093e-06
145.15,-3.26742709047262e-07,1.34105271261163e-07,-1.85852673302339,0.814654903829664,-2.18626602171959e-06
145.2,-3.19595432917269e-07,1.51947500086629e-07,-1.8152234393396,0.916709325094508,-2.13532867688377e-06
145.25,-3.11564373723909e-07,1.69413734358692e-07,-1.76692881889317,1.01438292331924,-2.07851981510432e-06
145.3,-3.02663416739584e-07,1.86438452857342e-07,-1.71385069393178,1.10812061656995,-2.01608389827465e-06
145.35,-2.92928627164918e-07,2.02616407347174e-07,-1.65617516765814,1.19835239674554,-1.94823980362698e-06
145.4,-2.8239664601837e-07,2.17837419335065e-07,-1.59406725083171,1.28548699094602,-1.87518162765841e-06
145.45,-2.7113269030213e-07,2.32153882975741e-07,-1.52767176449224,1.36990180580676,-1.79707973408762e-06
145.5,-2.59207810792556e-07,2.45409259359352e-07,-1.45711640656885,1.45193169536134,-1.71408432210525e-06
145.55,-2.46614467025043e-07,2.59028465750476e-07,-1.38251354270703,1.53186294477758,-1.62632772148157e-06
145.6,-2.33478377984332e-07,2.73457724132095e-07,-1.30396204551011,1.60992824617111,-1.5339262865979e-06
145.65,-2.1967328658797e-07,2.88503049383721e-07,-1.22154947112848,1.68630171121897,-1.43698299248304e-06
145.7,-2.04796897892967e-07,3.05331496561581e-07,-1.13535708660573,1.76108836480209,-1.3355935593544e-06
145.75,-1.88890317345373e-07,3.21042347673858e-07,-1.04546528767579,1.83431028589946,-1.22985225421835e-06
145.8,-1.72445229413243e-07,3.28602690785394e-07,-0.951953647740471,1.90590647665773,-1.11985194170188e-06
145.85,-1.55914090222192e-07,3.29092397616928e-07,-0.854904944325245,1.97572955331399,-1.00569010967792e-06
145.9,-1.39259169452544e-07,3.39255199304501e-07,-0.75441420958715,2.04353083582943,-8.87480310686302e-07
145.95,-1.21945398556704e-07,3.58347538831104e-07,-0.650591590537863,2.10894425228793,-7.65352036339915e-07
146,-1.03622280954458e-07,3.77663665306036e-07,-0.543567803527362,2.17148173056706,-6.39458136439162e-07
146.05,-8.43301773613839e-08,3.9078239565698e-07,-0.433501448267463,2.23052782587232,-5.09984501507751e-07
146.1,-6.45299031482303e-08,3.97048003537627e-07,-0.320585568084085,2.28533670684358,-3.77158146324172e-07
146.15,-4.44428723477192e-08,4.00776186869472e-07,-0.205052892647904,2.3350304669073,-2.41253293538165e-07
146.2,-2.4368418937554e-08,4.04950563850946e-07,-0.0871841381788014,2.37860180157835,-1.02600473862484e-07
146.25,-4.04528582919883e-09,4.13742323992556e-07,0.0326865252973419,2.41493137322134,3.84067773254018e-08
146.3,1.67619922164321e-08,4.25981594360142e-07,0.154168076709859,2.44280072921359,1.81308611028392e-07
146.35,3.82599741155831e-08,4.34920259692419e-07,0.276804438053832,2.46091893626383,3.25569236717043e-07
146.4,6.02874639184791e-08,4.36514404007868e-07,0.400075564140442,2.4679908848112,4.70577332260573e-07
146.45,8.20141951909e-08,4.29523350887838e-07,0.52339797562038,2.46274561687864,6.15646660514463e-07
146.5,1.03318248381442e-07,4.22839005017598e-07,0.646125245855437,2.44401159643805,7.60015870406548e-07
146.55,1.24333317592792e-07,4.19421418262988e-07,0.767557442218227,2.41078957567562,9.02861294353219e-07
146.6,1.4521363334681e-07,4.16296807726833e-07,0.886949937184736,2.36231329600652,1.04330731327344e-06
146.65,1.65912571669602e-07,4.10031746913684e-07,1.00352665280239,2.2981267200622,1.18044136020647e-06
146.7,1.86137622489264e-07,3.97906376351572e-07,1.11649904826438,2.21813880405378,1.31333613256259e-06
146.75,2.0561363047312e-07,3.80443848127737e-07,1.22508217996759,2.12266345958094,1.44106821784566e-06
146.8,2.24134968610345e-07,3.59986713987968e-07,1.32851919095822,2.01243348977367,1.56274705134849e-06
146.85,2.41599061003768e-07,3.38383753324154e-07,1.42609850702436,1.88858995306063,1.67753538806809e-06
146.9,2.57959127921293e-07,3.16091558185257e-07,1.51717601388936,1.75263510300731,1.78467548512237e-06
146.95,2.73170602078448e-07,2.92311967371926e-07,1.60119018917108,1.60637347056496,1.88350688754941e-06
147,2.87155506371086e-07,2.66447555835369e-07,1.67767508585437,1.45182113333908,1.97348154799855e-06
147.05,2.99791233301408e-07,2.38496964639616e-07,1.74626935867741,1.2911071762271,2.05417440317296e-06
147.1,3.10984202475055e-07,2.09011975718175e-07,1.80671916540075,1.12638578185245,2.12528679121603e-06
147.15,3.20676660033976e-07,1.78895579174696e-07,1.85887576219603,0.959722438527204,2.18664364434022e-06
147.2,3.28884401819291e-07,1.4935925297058e-07,1.90269031793958,0.793032767630318,2.23818739319155e-06
147.25,3.35636319018331e-07,1.20628085125214e-07,1.9382067721086,0.628015812288755,2.27996970166144e-06
147.3,3.40967582657503e-07,9.29606128751962e-08,1.96554478790285,0.466109626559114,2.31213130666066e-06
147.35,3.44923028566378e-07,6.53236699412266e-08,1.98488915484927,0.308474538244184,2.33488969153466e-06
147.4,3.47503757043968e-07,3.78790880487035e-08,1.99647785861245,0.15599254836316,2.34852479035044e-06
147.45,3.48719256378398e-07,1.1041690094102e-08,2.00058499552603,0.00928082948565861,2.35335898881984e-06
147.5,3.48631927992776e-07,-1.41838601715135e-08,1.99750858193233,-0.131285014316708,2.3497427485232e-06
147.55,3.47326983503758e-07,-3.77624304470941e-08,1.98756148348463,-0.265544513014102,2.33804410089288e-06
147.6,3.44883770457548e-07,-5.97848494319827e-08,1.97105928423938,-0.393511000781247,2.31863428837802e-06
147.65,3.41359432235735e-07,-8.10740622493859e-08,1.94831280616152,-0.515340815120604,2.29187902868584e-06
147.7,3.3678511554918e-07,-1.01730378798412e-07,1.91962291855185,-0.631303806876808,2.25813225576686e-06
147.75,3.31195007030713e-07,-1.21762100928514e-07,1.8852745270484,-0.74174677902308,2.21772911525372e-06
147.8,3.2463037327954e-07,-1.40651464303246e-07,1.84553365268111,-0.847069576370656,2.1709824827501e-06
147.85,3.17151177719938e-07,-1.58377135276977e-07,1.80064564368511,-0.947706313765996,2.11818096797148e-06
147.9,3.08816936554677e-07,-1.74855440386133e-07,1.75083368353227,-1.04410192136237,2.05958710086123e-06
147.95,2.99673904529991e-07,-1.90753904839845e-07,1.69629881711502,-1.13669667184639,1.99543744804149e-06
148,2.89742058826183e-07,-2.06297764749597e-07,1.63722034858429,-1.22591702943238,1.92594295515295e-06
148.05,2.79034453429693e-07,-2.2179184765981e-07,1.57375656659299,-1.31216355723067,1.8512898549289e-06
148.1,2.67565007475127e-07,-2.37153571015677e-07,1.50604734293778,-1.39579879022753,1.77164267490478e-06
148.15,2.55335538965364e-07,-2.5210022379506e-07,1.43421519790236,-1.47714292559333,1.68714551033702e-06
148.2,2.42350315298893e-07,-2.68006446765796e-07,1.35836748878204,-1.55646768192758,1.59792479420013e-06
148.25,2.28703052558832e-07,-2.80656930584421e-07,1.27859801175491,-1.63399056689611,1.5040904185242e-06
148.3,2.14475435229538e-07,-2.89239504075764e-07,1.19499421584113,-1.70985994883272,1.40574516723384e-06
148.35,1.99723979917978e-07,-2.97654018262219e-07,1.10763795259294,-1.78415353031605,1.30298573583576e-06
148.4,1.84578052847577e-07,-3.12182233311148e-07,1.01660623372236,-1.85687630835511,1.1959033773276e-06
148.45,1.69158747174016e-07,-3.27617673093464e-07,0.921979101264241,-1.92794174278019,1.08459169989483e-06
148.5,1.52275516881779e-07,-3.5019563932694e-07,0.823842173937875,-1.99717226685922,9.69152076376365e-07
148.55,1.33687626278094e-07,-3.74487172574204e-07,0.722295862775842,-2.064276015877,8.49702052319785e-07
148.6,1.14447234513137e-07,-3.78159327100166e-07,0.617456937409016,-2.12884253590167,7.26376636816609e-07
148.65,9.58223071608879e-08,-3.62335059135646e-07,0.509463123616259,-2.19034954268668,5.993379598843e-07
148.7,7.78303829548997e-08,-3.64395959756301e-07,0.398483550956694,-2.24815382400273,4.68788910273374e-07
148.75,5.92708901881221e-08,-3.84244938953177e-07,0.284722570601193,-2.30146797922097,3.34969863401063e-07
148.8,3.94763950466425e-08,-4.08836034175747e-07,0.168426953852827,-2.3493676386072,1.98169731746384e-07
148.85,1.84708194545559e-08,-4.25790951733953e-07,0.0498934256720885,-2.39080415785187,5.87362603665818e-08
148.9,-3.06041017933017e-09,-4.34720567822778e-07,-0.0705268240613312,-2.42462321705877,-8.29174744072679e-08
148.95,-2.46329945513542e-08,-4.29375554614184e-07,-0.192421480501245,-2.44957406611344,-2.26307109712099e-07
149,-4.5817216701685e-08,-4.15316744946697e-07,-0.315314818262247,-2.46437245458724,-3.70872447202368e-07
149.05,-6.65241639932245e-08,-4.16119506819821e-07,-0.438667991256934,-2.46772765772023,-5.15977140794885e-07
149.1,-8.75072985677447e-08,-4.25696704808078e-07,-0.561876330025994,-2.45838669746693,-6.60910536894664e-07
149.15,-1.09207401085983e-07,-4.3836013956528e-07,-0.684275839403259,-2.43522492260295,-8.04892152941735e-07
149.2,-1.31141420367511e-07,-4.34494368400683e-07,-0.805152419017274,-2.39730188193986,-9.47084032089804e-07
149.25,-1.52500523148649e-07,-4.17967982110113e-07,-0.92374871531855,-2.34394060014555,-1.08659486480579e-06
149.3,-1.72852588800281e-07,-3.97857898389728e-07,-1.03928301260565,-2.27479984756688,-1.22250413514374e-06
149.35,-1.92341373270236e-07,-3.82297368533407e-07,-1.15096607992378,-2.18991427629589,-1.35388258604453e-06
149.4,-2.11150046588485e-07,-3.70365669162381e-07,-1.25801919560757,-2.08972837762409,-1.47981427611364e-06
149.45,-2.29326626445808e-07,-3.56663733861264e-07,-1.35969801510477,-1.97510207563163,-1.59942417447555e-06
149.5,-2.46709697409509e-07,-3.3747353210848e-07,-1.45530956394495,-1.84729482280823,-1.71189750175059e-06
149.55,-2.62993913323825e-07,-3.12415457417977e-07,-1.5442342361243,-1.70790955823841,-1.81650543305593e-06
149.6,-2.77923279682336e-07,-2.83968890815833e-07,-1.62593895956522,-1.55883013849458,-1.91262063548502e-06
149.65,-2.91371098673038e-07,-2.54724443678014e-07,-1.69998990962969,-1.40211834128643,-1.999732512757e-06
149.7,-3.03394655426081e-07,-2.26315352720123e-07,-1.76605913624636,-1.23992116055022,-2.07745511344839e-06
149.75,-3.14029338117756e-07,-1.99054127281744e-07,-1.82392644027947,-1.07437750061993,-2.14552937648738e-06
149.8,-3.23302193250402e-07,-1.71793574722395e-07,-1.87347502141422,-0.90751013566371,-2.20381802623617e-06
149.85,-3.31172962644161e-07,-1.43142668213747e-07,-1.9146857049185,-0.741172783824555,-2.25229865321541e-06
149.9,-3.37571592956279e-07,-1.12941371643035e-07,-1.94762827274163,-0.576986373065923,-2.29105336129296e-06
149.95,-3.42462246136086e-07,-8.22994313140441e-08,-1.97244353751574,-0.416303238109277,-2.32024767660234e-06
150,-3.45870481429135e-07,-5.43916457296356e-08,-1.98933507687897,-0.260197640004142,-2.34012074060296e-06
